scenario,frame,code,duty,start_s,end_s,charge_c,current_uA,quantized_area_error_pct
clean,0,0,0,2.5e-06,0.00025850000000000005,9.23653044886095e-16,3.608019706586308e-06,
clean,1,0,0,0.0002585,0.0005145,9.236529627131774e-16,3.6080193855983495e-06,
clean,2,16,1,0.0005145,0.0007705,1.0048852267659332e-10,0.3925332917054426,-0.26229034269538154
clean,3,16,1,0.0007705,0.0010265,1.0049936977259523e-10,0.3925756631742,-0.25152429217690786
clean,4,1024,64,0.0010265,0.0012825000000000002,6.447924047688807e-09,25.18720331128439,-0.003944568864522324
clean,5,1024,64,0.0012825,0.0015385,6.447924661419764e-09,25.187205708670962,-0.003935050967840414
clean,6,2048,128,0.0015385000000000002,0.0017945,1.2896101808187107e-08,50.375397688230905,-0.0019772472913959227
clean,7,2048,128,0.0017945,0.0020505000000000002,1.2896102701415546e-08,50.37540117740445,-0.0019703210838439844
clean,8,4079,255,0.0020505000000000002,0.0023065000000000004,2.5691693618757053e-08,100.35817819826967,-0.0010399978496833384
clean,9,4079,255,0.0023065,0.0025625,2.5691705918705416e-08,100.35822624494298,-0.0009921231527987295
clean,10,4095,256,0.0025625,0.0028185000000000003,2.579225699031144e-08,100.75100386840401,-0.0017703131236723735
clean,11,4095,256,0.0028185000000000003,0.0030745000000000004,2.579271360230494e-08,100.75278750900362,7.740696972291516e-10
clean,12,0,0,0.0030745,0.0033305,2.1701464429233938e-13,0.0008477134542669502,
clean,13,0,0,0.0033305,0.0035865000000000003,2.611602973830748e-15,1.0201574116526353e-05,
lowest-fine,0,0,0,2.5e-06,0.00025850000000000005,9.236535956688387e-16,3.6080218580814006e-06,
lowest-fine,1,0,0,0.0002585,0.0005145,9.23653604431074e-16,3.6080218923088827e-06,
lowest-fine,2,16,1,0.0005145,0.0007705,1.0048852180110673e-10,0.3925332882855731,-0.26229121164066393
lowest-fine,3,16,1,0.0007705,0.0010265,1.0049936956838518e-10,0.39257566237650454,-0.2515244948611661
timeout,0,4095,256,2.5e-06,0.00025850000000000005,2.5792232336069445e-08,100.75090756277126,-0.001865899196451526
timeout,1,4095,256,0.0002585,0.0005145,2.57927136023351e-08,100.75278750912149,8.909983861826731e-10
timeout,2,0,0,0.0005145,0.0007705,2.1701465646279813e-13,0.000847713501807805,
timeout,3,0,0,0.0007705,0.0010265,2.6116215417339598e-15,1.020164664739828e-05,
