seed,library,temperature_c,logic_v,led_supply_v,local_mismatch,global_variation,reference,calibration_error,tc_ppm,line_ppm_v,pwm_on,iout,iref,bias,headroom,led_k,power_w,out_vth,ref_vth,x0_dvth,x0_mulu0,x1_dvth,x1_mulu0,x2_dvth,x2_mulu0,x3_dvth,x3_mulu0,x4_dvth,x4_mulu0,x5_dvth,x5_mulu0,mirror_ratio,reference_error_pct,absolute_error_pct,absolute_current_budget_pass
20261004,statistical,27,3.3,5,0,1,ideal,0,0,0,True,0.0001011515080129079,9.999999999999999e-05,1.420334860007648,1.879665139992353,2.199054970921976,0.0008357575509529429,0.7460615673807802,0.746086078473304,0.0,1.0,-0.0,1.0,-0.0,1.0,-0.0,1.0,-0.0,1.0,0.0,1.0,1.011515080129079,-1.1102230246251565e-14,1.151508012907887,True
20261005,statistical,27,3.3,5,0,1,ideal,0,0,0,True,0.0001011537272733278,9.999999999999999e-05,1.422133430343444,1.877866569656556,2.199053157551576,0.0008357686472548027,0.7388876121123212,0.7389121063657905,-0.0,1.0,-0.0,1.0,-0.0,1.0,0.0,1.0,-0.0,1.0,0.0,1.0,1.011537272733278,-1.1102230246251565e-14,1.153727273327787,True
20261006,statistical,27,3.3,5,0,1,ideal,0,0,0,True,0.0001012152577136262,9.999999999999999e-05,1.401113678620334,1.898886321379667,2.199002895543392,0.0008360762994566545,0.7103530897234173,0.7103771564721687,-0.0,1.0,0.0,1.0,0.0,1.0,-0.0,1.0,-0.0,1.0,0.0,1.0,1.012152577136262,-1.1102230246251565e-14,1.2152577136261833,True
20261007,statistical,27,3.3,5,0,1,ideal,0,0,0,True,0.0001012779174410063,9.999999999999999e-05,1.362810583299747,1.937189416700253,2.198951740531327,0.0008363895980936747,0.675301607818627,0.6753252430404192,-0.0,1.0,-0.0,1.0,-0.0,1.0,-0.0,1.0,-0.0,1.0,0.0,1.0,1.0127791744100632,-1.1102230246251565e-14,1.2779174410062932,True
20261008,statistical,27,3.3,5,0,1,ideal,0,0,0,True,0.0001012278516837774,9.999999999999999e-05,1.379257555637423,1.920742444362577,2.198992611517726,0.0008361392693082494,0.6938396434173694,0.6938636255146395,0.0,1.0,-0.0,1.0,-0.0,1.0,-0.0,1.0,0.0,1.0,0.0,1.0,1.0122785168377741,-1.1102230246251565e-14,1.2278516837773923,True
20261009,statistical,27,3.3,5,0,1,ideal,0,0,0,True,0.0001012422036191153,9.999999999999999e-05,1.390736609259146,1.909263390740854,2.198980893431246,0.0008362110289837404,0.7126741559859758,0.712698039181433,0.0,1.0,0.0,1.0,-0.0,1.0,0.0,1.0,-0.0,1.0,0.0,1.0,1.0124220361911531,-1.1102230246251565e-14,1.2422036191153119,True
20261010,statistical,27,3.3,5,0,1,ideal,0,0,0,True,0.0001010950004416635,9.999999999999999e-05,1.453783578110984,1.846216421889016,2.199101156170517,0.0008354750130976798,0.7630605582182979,0.7630854557258391,-0.0,1.0,0.0,1.0,0.0,1.0,-0.0,1.0,0.0,1.0,0.0,1.0,1.010950004416635,-1.1102230246251565e-14,1.0950004416635073,True
20261011,statistical,27,3.3,5,0,1,ideal,0,0,0,True,0.000101147650281689,9.999999999999999e-05,1.421706773319225,1.878293226680775,2.199058123185205,0.0008357382622969683,0.7130351330183037,0.7130596632528843,-0.0,1.0,-0.0,1.0,-0.0,1.0,0.0,1.0,0.0,1.0,0.0,1.0,1.01147650281689,-1.1102230246251565e-14,1.1476502816889944,True
20261012,statistical,27,3.3,5,0,1,ideal,0,0,0,True,0.0001012121751552399,9.999999999999999e-05,1.406975888797193,1.893024111202807,2.199005412892091,0.0008360608866643631,0.7274296886503513,0.7274537782901763,0.0,1.0,0.0,1.0,-0.0,1.0,-0.0,1.0,-0.0,1.0,0.0,1.0,1.012121751552399,-1.1102230246251565e-14,1.212175155239903,True
20261013,statistical,27,3.3,5,0,1,ideal,0,0,0,True,0.0001012603621792642,9.999999999999999e-05,1.37514982292349,1.92485017707651,2.198966069541316,0.0008363018217849643,0.687671511791453,0.6876952675608371,0.0,1.0,-0.0,1.0,0.0,1.0,0.0,1.0,-0.0,1.0,0.0,1.0,1.0126036217926422,-1.1102230246251565e-14,1.2603621792641961,True
20261014,statistical,27,3.3,5,0,1,ideal,0,0,0,True,0.0001012831681184635,9.999999999999999e-05,1.363532336146038,1.936467663853962,2.198947455260121,0.0008364158514808411,0.6858398023029857,0.6858634019981457,-0.0,1.0,-0.0,1.0,-0.0,1.0,-0.0,1.0,0.0,1.0,-0.0,1.0,1.0128316811846352,-1.1102230246251565e-14,1.2831681184634958,True
20261015,statistical,27,3.3,5,0,1,ideal,0,0,0,True,0.000101185691718907,9.999999999999999e-05,1.40279307531757,1.89720692468243,2.199027043362054,0.0008359284694838977,0.7242924476375937,0.7243167229109206,0.0,1.0,-0.0,1.0,-0.0,1.0,0.0,1.0,0.0,1.0,-0.0,1.0,1.0118569171890701,-1.1102230246251565e-14,1.1856917189069893,True
20261016,statistical,27,3.3,5,0,1,ideal,0,0,0,True,0.0001011986363282381,9.999999999999999e-05,1.402824336653397,1.897175663346603,2.199016470128168,0.0008359931925295944,0.7204071282800162,0.720431311032151,-0.0,1.0,0.0,1.0,-0.0,1.0,0.0,1.0,-0.0,1.0,-0.0,1.0,1.0119863632823811,-1.1102230246251565e-14,1.1986363282380896,True
20261017,statistical,27,3.3,5,0,1,ideal,0,0,0,True,0.0001013547572942776,9.999999999999999e-05,1.327135640251086,1.972864359748914,2.198889049493335,0.0008367737973599115,0.6547662273160161,0.6547893338742473,-0.0,1.0,0.0,1.0,0.0,1.0,0.0,1.0,-0.0,1.0,-0.0,1.0,1.013547572942776,-1.1102230246251565e-14,1.3547572942775865,True
20261018,statistical,27,3.3,5,0,1,ideal,0,0,0,True,0.0001011929365498111,9.999999999999999e-05,1.41369215367449,1.886307846325511,2.199021125584643,0.0008359646936372195,0.7370340725951836,0.7370582945384472,0.0,1.0,0.0,1.0,0.0,1.0,-0.0,1.0,-0.0,1.0,-0.0,1.0,1.011929365498111,-1.1102230246251565e-14,1.1929365498110966,True
20261019,statistical,27,3.3,5,0,1,ideal,0,0,0,True,0.0001012018655572113,9.999999999999999e-05,1.408270491124515,1.891729508875485,2.199013832672607,0.0008360093386748195,0.7093216222285993,0.7093457791733728,-0.0,1.0,-0.0,1.0,0.0,1.0,0.0,1.0,0.0,1.0,-0.0,1.0,1.0120186555721131,-1.1102230246251565e-14,1.2018655572112902,True
20261020,statistical,27,3.3,5,0,1,ideal,0,0,0,True,0.0001011692499630036,9.999999999999999e-05,1.41125687675379,1.888743123246211,2.199040474916982,0.0008358462607041409,0.7173591541323068,0.7173835388197329,-0.0,1.0,-0.0,1.0,-0.0,1.0,-0.0,1.0,-0.0,1.0,0.0,1.0,1.011692499630036,-1.1102230246251565e-14,1.1692499630036046,True
20261021,statistical,27,3.3,5,0,1,ideal,0,0,0,True,0.0001012191265386554,9.999999999999999e-05,1.381331435918454,1.918668564081546,2.198999736197668,0.000836095643581441,0.6933444354395607,0.6933684778629542,0.0,1.0,-0.0,1.0,0.0,1.0,-0.0,1.0,-0.0,1.0,-0.0,1.0,1.0121912653865541,-1.1102230246251565e-14,1.2191265386553907,True
20261022,statistical,27,3.3,5,0,1,ideal,0,0,0,True,0.0001011299934125844,9.999999999999999e-05,1.430512255998586,1.869487744001414,2.199072552561788,0.0008356499779512054,0.7551181892893286,0.7551428489933386,-0.0,1.0,0.0,1.0,-0.0,1.0,0.0,1.0,-0.0,1.0,0.0,1.0,1.0112999341258442,-1.1102230246251565e-14,1.1299934125843958,True
20261023,statistical,27,3.3,5,0,1,ideal,0,0,0,True,0.0001011637574282921,9.999999999999999e-05,1.426574701763703,1.873425298236298,2.199044962320279,0.00083581879803382,0.7358407001259545,0.735865121019355,0.0,1.0,-0.0,1.0,-0.0,1.0,-0.0,1.0,0.0,1.0,0.0,1.0,1.0116375742829211,-1.1102230246251565e-14,1.1637574282920893,True
20261024,statistical,27,3.3,5,0,1,ideal,0,0,0,True,0.0001012958665134923,9.999999999999999e-05,1.355638724546803,1.944361275453197,2.19893709249433,0.0008364793434555058,0.6804527037911752,0.6804762174381843,0.0,1.0,0.0,1.0,-0.0,1.0,0.0,1.0,-0.0,1.0,-0.0,1.0,1.0129586651349232,-1.1102230246251565e-14,1.2958665134922942,True
20261025,statistical,27,3.3,5,0,1,ideal,0,0,0,True,0.0001012079838589521,9.999999999999999e-05,1.411370366643488,1.888629633356512,2.199008835798925,0.0008360399301847222,0.7240762567454464,0.724100373080876,0.0,1.0,-0.0,1.0,-0.0,1.0,-0.0,1.0,-0.0,1.0,0.0,1.0,1.012079838589521,-1.1102230246251565e-14,1.2079838589520886,True
20261026,statistical,27,3.3,5,0,1,ideal,0,0,0,True,0.0001011117764612592,9.999999999999999e-05,1.444055250067052,1.855944749932948,2.199087442122508,0.0008355588931960179,0.7467274893219804,0.7467522692652081,0.0,1.0,0.0,1.0,-0.0,1.0,-0.0,1.0,-0.0,1.0,0.0,1.0,1.011117764612592,-1.1102230246251565e-14,1.1117764612591952,True
20261027,statistical,27,3.3,5,0,1,ideal,0,0,0,True,0.0001012335571344138,9.999999999999999e-05,1.369750891059769,1.930249108940231,2.198987952937333,0.0008361677965615512,0.6853779414840493,0.6854018843875758,-0.0,1.0,-0.0,1.0,0.0,1.0,-0.0,1.0,-0.0,1.0,-0.0,1.0,1.012335571344138,-1.1102230246251565e-14,1.2335571344137986,True
20261028,statistical,27,3.3,5,0,1,ideal,0,0,0,True,0.000101162516277661,9.999999999999999e-05,1.429615252608194,1.870384747391807,2.199045976372576,0.0008358125922767084,0.7364236857192908,0.7364481145076599,-0.0,1.0,-0.0,1.0,-0.0,1.0,-0.0,1.0,-0.0,1.0,0.0,1.0,1.01162516277661,-1.1102230246251565e-14,1.1625162776609965,True
20261029,statistical,27,3.3,5,0,1,ideal,0,0,0,True,0.0001011060649576336,9.999999999999999e-05,1.442666281084717,1.857333718915283,2.199092110918376,0.0008355303356776501,0.7585838636921445,0.7586086872921334,-0.0,1.0,-0.0,1.0,-0.0,1.0,0.0,1.0,-0.0,1.0,0.0,1.0,1.0110606495763361,-1.1102230246251565e-14,1.1060649576335901,True
20261030,statistical,27,3.3,5,0,1,ideal,0,0,0,True,0.0001012338848102913,9.999999999999999e-05,1.39670425002486,1.903295749975141,2.198987685392896,0.0008361694349405793,0.7079475771991346,0.707971514795149,0.0,1.0,-0.0,1.0,-0.0,1.0,0.0,1.0,0.0,1.0,-0.0,1.0,1.0123388481029132,-1.1102230246251565e-14,1.233884810291297,True
20261031,statistical,27,3.3,5,0,1,ideal,0,0,0,True,0.0001011679910349485,9.999999999999999e-05,1.406016885921759,1.893983114078241,2.199041503441557,0.0008358399660629062,0.744845415291978,0.7448698148915686,-0.0,1.0,-0.0,1.0,-0.0,1.0,0.0,1.0,0.0,1.0,0.0,1.0,1.0116799103494851,-1.1102230246251565e-14,1.16799103494849,True
20261032,statistical,27,3.3,5,0,1,ideal,0,0,0,True,0.0001011516159313287,9.999999999999999e-05,1.416113093614432,1.883886906385569,2.199054882740369,0.000835758090545287,0.7264899931726932,0.7265145022813342,-0.0,1.0,-0.0,1.0,0.0,1.0,-0.0,1.0,0.0,1.0,0.0,1.0,1.011516159313287,-1.1102230246251565e-14,1.1516159313286867,True
20261033,statistical,27,3.3,5,0,1,ideal,0,0,0,True,0.0001011594897923586,9.999999999999999e-05,1.426359979521788,1.873640020478212,2.199048449138632,0.0008357974598500767,0.7296735889095575,0.7296980390634151,-0.0,1.0,-0.0,1.0,0.0,1.0,-0.0,1.0,0.0,1.0,-0.0,1.0,1.0115948979235863,-1.1102230246251565e-14,1.1594897923586034,True
20261034,statistical,27,3.3,5,0,1,ideal,0,0,0,True,0.0001011770946212066,9.999999999999999e-05,1.410304765429593,1.889695234570407,2.19903406622435,0.0008358854839950361,0.7291048937753983,0.7291292274070794,-0.0,1.0,0.0,1.0,-0.0,1.0,0.0,1.0,0.0,1.0,-0.0,1.0,1.011770946212066,-1.1102230246251565e-14,1.1770946212066091,True
20261035,statistical,27,3.3,5,0,1,ideal,0,0,0,True,0.0001012407995805943,9.999999999999999e-05,1.39253645837717,1.90746354162283,2.198982039733563,0.0008362040087912554,0.7085958871213837,0.7086197784964032,-0.0,1.0,-0.0,1.0,-0.0,1.0,0.0,1.0,0.0,1.0,-0.0,1.0,1.012407995805943,-1.1102230246251565e-14,1.2407995805942873,True
20261036,statistical,27,3.3,5,0,1,ideal,0,0,0,True,0.0001012137704167095,9.999999999999999e-05,1.394962375395501,1.9050376246045,2.199004110124518,0.0008360688629725503,0.7128588948844982,0.712882973391203,0.0,1.0,0.0,1.0,0.0,1.0,0.0,1.0,-0.0,1.0,-0.0,1.0,1.0121377041670951,-1.1102230246251565e-14,1.213770416709492,True
20261037,statistical,27,3.3,5,0,1,ideal,0,0,0,True,0.0001013168506304786,9.999999999999999e-05,1.357711591507003,1.942288408492997,2.198919970680562,0.0008365842640419953,0.6782056801171625,0.6782290465262237,0.0,1.0,0.0,1.0,0.0,1.0,0.0,1.0,-0.0,1.0,-0.0,1.0,1.0131685063047862,-1.1102230246251565e-14,1.3168506304785943,True
20261038,statistical,27,3.3,5,0,1,ideal,0,0,0,True,0.0001011898025800696,9.999999999999999e-05,1.410233805813209,1.889766194186791,2.199023685448603,0.0008359490237892313,0.7228413671490548,0.7228656100987308,0.0,1.0,0.0,1.0,-0.0,1.0,0.0,1.0,-0.0,1.0,0.0,1.0,1.0118980258006962,-1.1102230246251565e-14,1.1898025800695988,True
20261039,statistical,27,3.3,5,0,1,ideal,0,0,0,True,0.0001012021291691347,9.999999999999999e-05,1.405900975276194,1.894099024723806,2.199013617372477,0.0008360106567343165,0.7074636410672982,0.7074877955061214,-0.0,1.0,-0.0,1.0,0.0,1.0,0.0,1.0,0.0,1.0,0.0,1.0,1.0120212916913471,-1.1102230246251565e-14,1.2021291691346914,True
20261040,statistical,27,3.3,5,0,1,ideal,0,0,0,True,0.0001011531181987237,9.999999999999999e-05,1.43005346427752,1.869946535722481,2.19905365522619,0.000835765601881902,0.7505984741702972,0.7506229725385708,-0.0,1.0,-0.0,1.0,0.0,1.0,-0.0,1.0,0.0,1.0,-0.0,1.0,1.011531181987237,-1.1102230246251565e-14,1.1531181987237016,True
20261041,statistical,27,3.3,5,0,1,ideal,0,0,0,True,0.0001012373677373048,9.999999999999999e-05,1.39093667948216,1.90906332051784,2.198984841663966,0.0008361868495750473,0.7074577822499853,0.707481696844492,-0.0,1.0,-0.0,1.0,0.0,1.0,0.0,1.0,0.0,1.0,0.0,1.0,1.012373677373048,-1.1102230246251565e-14,1.2373677373048064,True
20261042,statistical,27,3.3,5,0,1,ideal,0,0,0,True,0.0001013602668457771,9.999999999999999e-05,1.327117659451762,1.972882340548238,2.198884556150934,0.000836801345118128,0.6450416249179962,0.6450646910779746,-0.0,1.0,-0.0,1.0,0.0,1.0,0.0,1.0,0.0,1.0,0.0,1.0,1.013602668457771,-1.1102230246251565e-14,1.3602668457771028,True
20261043,statistical,27,3.3,5,0,1,ideal,0,0,0,True,0.0001011833347845971,9.999999999999999e-05,1.420776203066329,1.879223796933671,2.199028968656672,0.0008359166848112692,0.7312426761175683,0.7312669610385113,0.0,1.0,-0.0,1.0,-0.0,1.0,-0.0,1.0,0.0,1.0,0.0,1.0,1.0118333478459711,-1.1102230246251565e-14,1.1833347845970899,True
20261044,statistical,27,3.3,5,0,1,ideal,0,0,0,True,0.0001012667311305505,9.999999999999999e-05,1.368030583238674,1.931969416761326,2.198960870786705,0.0008363336665417557,0.6951047968744625,0.6951285131137435,0.0,1.0,-0.0,1.0,0.0,1.0,-0.0,1.0,-0.0,1.0,0.0,1.0,1.0126673113055051,-1.1102230246251565e-14,1.2667311305504914,True
20261045,statistical,27,3.3,5,0,1,ideal,0,0,0,True,0.000101262629523159,9.999999999999999e-05,1.364455581610678,1.935544418389322,2.198964218751732,0.0008363131585039591,0.677753984693305,0.6777777258744592,-0.0,1.0,-0.0,1.0,-0.0,1.0,0.0,1.0,-0.0,1.0,-0.0,1.0,1.01262629523159,-1.1102230246251565e-14,1.262629523159009,True
20261046,statistical,27,3.3,5,0,1,ideal,0,0,0,True,0.0001011320168582976,9.999999999999999e-05,1.422840239125267,1.877159760874733,2.199070898860973,0.0008356600951800113,0.7336880203399683,0.7337126643605157,0.0,1.0,0.0,1.0,0.0,1.0,-0.0,1.0,0.0,1.0,-0.0,1.0,1.011320168582976,-1.1102230246251565e-14,1.132016858297602,True
20261047,statistical,27,3.3,5,0,1,ideal,0,0,0,True,0.0001012949408538723,9.999999999999999e-05,1.351321609217346,1.948678390782654,2.198937847855194,0.0008364747151577651,0.6798953909882518,0.6799189125501727,0.0,1.0,0.0,1.0,-0.0,1.0,-0.0,1.0,0.0,1.0,0.0,1.0,1.0129494085387232,-1.1102230246251565e-14,1.294940853872295,True
20261048,statistical,27,3.3,5,0,1,ideal,0,0,0,True,0.00010115164852753,9.999999999999999e-05,1.42049551620884,1.87950448379116,2.19905485610559,0.0008357582535282115,0.7371734955153291,0.7371980037206027,-0.0,1.0,-0.0,1.0,0.0,1.0,-0.0,1.0,-0.0,1.0,0.0,1.0,1.0115164852753,-1.1102230246251565e-14,1.1516485275300026,True
20261049,statistical,27,3.3,5,0,1,ideal,0,0,0,True,0.000101249312253472,9.999999999999999e-05,1.385114068929524,1.914885931070477,2.19897508994184,0.0008362465721562433,0.6981391752223218,0.6981630080354222,0.0,1.0,-0.0,1.0,0.0,1.0,0.0,1.0,-0.0,1.0,0.0,1.0,1.01249312253472,-1.1102230246251565e-14,1.2493122534720014,True
20261050,statistical,27,3.3,5,0,1,ideal,0,0,0,True,0.0001011845508007737,9.999999999999999e-05,1.418791738334471,1.881208261665529,2.199027975331663,0.0008359227648921524,0.7481519436340037,0.7481762264394176,-0.0,1.0,-0.0,1.0,-0.0,1.0,-0.0,1.0,0.0,1.0,0.0,1.0,1.011845508007737,-1.1102230246251565e-14,1.1845508007736871,True
20261051,statistical,27,3.3,5,0,1,ideal,0,0,0,True,0.0001011557989867597,9.999999999999999e-05,1.415576273889245,1.884423726110755,2.199051464776368,0.0008357790058229212,0.7120222190392805,0.7120466949454725,-0.0,1.0,0.0,1.0,-0.0,1.0,-0.0,1.0,-0.0,1.0,-0.0,1.0,1.011557989867597,-1.1102230246251565e-14,1.155798986759704,True
20261052,statistical,27,3.3,5,0,1,ideal,0,0,0,True,0.0001012232912020429,9.999999999999999e-05,1.382296103964576,1.917703896035424,2.198996335392208,0.0008361164668984982,0.7065613215299733,0.7065853370974465,-0.0,1.0,0.0,1.0,-0.0,1.0,0.0,1.0,-0.0,1.0,-0.0,1.0,1.012232912020429,-1.1102230246251565e-14,1.2232912020428977,True
20261053,statistical,27,3.3,5,0,1,ideal,0,0,0,True,0.0001012189527877218,9.999999999999999e-05,1.386193760919498,1.913806239080503,2.198999878083081,0.0008360947748271324,0.706525538758828,0.7065495825667137,-0.0,1.0,-0.0,1.0,-0.0,1.0,0.0,1.0,-0.0,1.0,-0.0,1.0,1.0121895278772182,-1.1102230246251565e-14,1.2189527877217943,True
20261054,statistical,27,3.3,5,0,1,ideal,0,0,0,True,0.0001012458867014344,9.999999999999999e-05,1.373354447208354,1.926645552791647,2.19897788651493,0.0008362294443956957,0.6815368440736813,0.6815607006310607,-0.0,1.0,0.0,1.0,-0.0,1.0,0.0,1.0,0.0,1.0,0.0,1.0,1.0124588670143442,-1.1102230246251565e-14,1.2458867014343955,True
20261055,statistical,27,3.3,5,0,1,ideal,0,0,0,True,0.0001012588230275425,9.999999999999999e-05,1.365225339652928,1.934774660347072,2.198967325943701,0.0008362941260262362,0.6881659157129474,0.6881896842791477,0.0,1.0,0.0,1.0,-0.0,1.0,-0.0,1.0,-0.0,1.0,0.0,1.0,1.0125882302754252,-1.1102230246251565e-14,1.2588230275424994,True
20261056,statistical,27,3.3,5,0,1,ideal,0,0,0,True,0.0001011857507139559,9.999999999999999e-05,1.410380285287615,1.889619714712385,2.199026995171669,0.0008359287644589022,0.7276004097367318,0.7276246831979571,0.0,1.0,-0.0,1.0,-0.0,1.0,0.0,1.0,-0.0,1.0,0.0,1.0,1.011857507139559,-1.1102230246251565e-14,1.185750713955902,True
20261057,statistical,27,3.3,5,0,1,ideal,0,0,0,True,0.0001012151141790731,9.999999999999999e-05,1.384408496106145,1.915591503893855,2.199003012758236,0.0008360755817834094,0.6984907867830171,0.6985148558226928,0.0,1.0,0.0,1.0,-0.0,1.0,0.0,1.0,-0.0,1.0,-0.0,1.0,1.012151141790731,-1.1102230246251565e-14,1.2151141790730957,True
20261058,statistical,27,3.3,5,0,1,ideal,0,0,0,True,0.0001013556276272921,9.999999999999999e-05,1.32348317264686,1.97651682735314,2.198888339673641,0.0008367781490243849,0.6491291068445535,0.6491522086660704,0.0,1.0,-0.0,1.0,0.0,1.0,0.0,1.0,0.0,1.0,-0.0,1.0,1.013556276272921,-1.1102230246251565e-14,1.3556276272921108,True
20261059,statistical,27,3.3,5,0,1,ideal,0,0,0,True,0.0001011439880308486,9.999999999999999e-05,1.44618087552188,1.853819124478121,2.1990611158202,0.0008357199510438452,0.7500457564621266,0.7500703124159436,0.0,1.0,0.0,1.0,0.0,1.0,-0.0,1.0,-0.0,1.0,0.0,1.0,1.011439880308486,-1.1102230246251565e-14,1.1439880308485861,True
20261060,statistical,27,3.3,5,0,1,ideal,0,0,0,True,0.0001011650529629228,9.999999999999999e-05,1.418912964025185,1.881087035974816,2.19904390384728,0.0008358252757032574,0.7377481400586949,0.7377725560858446,0.0,1.0,0.0,1.0,0.0,1.0,-0.0,1.0,0.0,1.0,-0.0,1.0,1.011650529629228,-1.1102230246251565e-14,1.1650529629227968,True
20261061,statistical,27,3.3,5,0,1,ideal,0,0,0,True,0.0001011588067067705,9.999999999999999e-05,1.413250345193472,1.886749654806528,2.199049007257935,0.0008357940444236945,0.7234304688894125,0.7234549268320078,0.0,1.0,-0.0,1.0,-0.0,1.0,0.0,1.0,-0.0,1.0,0.0,1.0,1.011588067067705,-1.1102230246251565e-14,1.1588067067704877,True
20261062,statistical,27,3.3,5,0,1,ideal,0,0,0,True,0.0001012325797148107,9.999999999999999e-05,1.396062349267158,1.903937650732842,2.198988750996654,0.0008361629094632962,0.7223399482440749,0.7223638987141706,0.0,1.0,0.0,1.0,-0.0,1.0,0.0,1.0,-0.0,1.0,-0.0,1.0,1.012325797148107,-1.1102230246251565e-14,1.2325797148106998,True
20261063,statistical,27,3.3,5,0,1,ideal,0,0,0,True,0.000101186717825751,9.999999999999999e-05,1.398036895344391,1.901963104655609,2.199026205185549,0.0008359336000177578,0.7166417400372871,0.7166660071973013,0.0,1.0,-0.0,1.0,-0.0,1.0,-0.0,1.0,0.0,1.0,-0.0,1.0,1.0118671782575102,-1.1102230246251565e-14,1.1867178257509936,True
20261064,statistical,27,3.3,5,0,1,ideal,0,0,0,True,0.0001012487449459733,9.999999999999999e-05,1.368233344058194,1.931766655941807,2.198975553077664,0.0008362437356179103,0.6955887717513797,0.6956126117726495,0.0,1.0,-0.0,1.0,0.0,1.0,0.0,1.0,0.0,1.0,-0.0,1.0,1.0124874494597331,-1.1102230246251565e-14,1.2487449459732902,True
20261065,statistical,27,3.3,5,0,1,ideal,0,0,0,True,0.0001012592091897381,9.999999999999999e-05,1.389864226181388,1.910135773818612,2.198967010719604,0.0008362960568368544,0.709322592314627,0.7093463556730988,-0.0,1.0,0.0,1.0,0.0,1.0,-0.0,1.0,-0.0,1.0,0.0,1.0,1.012592091897381,-1.1102230246251565e-14,1.2592091897380975,True
20261066,statistical,27,3.3,5,0,1,ideal,0,0,0,True,0.0001013116204470101,9.999999999999999e-05,1.352806068302519,1.947193931697482,2.1989242378933,0.0008365581131233341,0.6712314631848252,0.6712548659730423,-0.0,1.0,-0.0,1.0,0.0,1.0,-0.0,1.0,0.0,1.0,0.0,1.0,1.0131162044701012,-1.1102230246251565e-14,1.3116204470100978,True
20261067,statistical,27,3.3,5,0,1,ideal,0,0,0,True,0.000101290842210794,9.999999999999999e-05,1.359368348716282,1.940631651283718,2.198941192525905,0.0008364542219424935,0.6704194146589834,0.6704429598887512,-0.0,1.0,0.0,1.0,0.0,1.0,0.0,1.0,-0.0,1.0,0.0,1.0,1.01290842210794,-1.1102230246251565e-14,1.2908422107939854,True
20261068,statistical,27,3.3,5,0,1,ideal,0,0,0,True,0.0001011533020199308,9.999999999999999e-05,1.421256545281443,1.878743454718557,2.199053505025665,0.0008357665209885372,0.7358876987842017,0.7359121937514698,-0.0,1.0,0.0,1.0,0.0,1.0,-0.0,1.0,0.0,1.0,-0.0,1.0,1.0115330201993082,-1.1102230246251565e-14,1.153302019930802,True
20261069,statistical,27,3.3,5,0,1,ideal,0,0,0,True,0.000101263325091704,9.999999999999999e-05,1.360952309800068,1.939047690199932,2.198963650980224,0.0008363166363480026,0.678446925276974,0.6784706630138975,-0.0,1.0,-0.0,1.0,-0.0,1.0,-0.0,1.0,0.0,1.0,0.0,1.0,1.0126332509170402,-1.1102230246251565e-14,1.2633250917039929,True
20261070,statistical,27,3.3,5,0,1,ideal,0,0,0,True,0.0001013262233088276,9.999999999999999e-05,1.337501173918879,1.962498826081121,2.198912324197924,0.0008366311274323018,0.6651580780099473,0.6651813831072244,0.0,1.0,-0.0,1.0,-0.0,1.0,-0.0,1.0,0.0,1.0,-0.0,1.0,1.0132622330882761,-1.1102230246251565e-14,1.3262233088275899,True
20261071,statistical,27,3.3,5,0,1,ideal,0,0,0,True,0.0001012315490286965,9.999999999999999e-05,1.391200511568504,1.908799488431496,2.1989895925557,0.0008361577560322456,0.7091665877831111,0.7091905444773063,0.0,1.0,-0.0,1.0,0.0,1.0,-0.0,1.0,-0.0,1.0,0.0,1.0,1.012315490286965,-1.1102230246251565e-14,1.231549028696488,True
20261072,statistical,27,3.3,5,0,1,ideal,0,0,0,True,0.000101358068374381,9.999999999999999e-05,1.329049365575417,1.970950634424584,2.198886349097821,0.0008367903527604286,0.6773472057787311,0.6773702941760722,0.0,1.0,-0.0,1.0,-0.0,1.0,0.0,1.0,-0.0,1.0,-0.0,1.0,1.0135806837438102,-1.1102230246251565e-14,1.358068374380994,True
20261073,statistical,27,3.3,5,0,1,ideal,0,0,0,True,0.0001011754452242676,9.999999999999999e-05,1.415980964688491,1.88401903531151,2.199035413660252,0.0008358772370096218,0.7195256745526372,0.7195500155906346,-0.0,1.0,-0.0,1.0,0.0,1.0,-0.0,1.0,0.0,1.0,0.0,1.0,1.011754452242676,-1.1102230246251565e-14,1.1754452242676017,True
20261074,statistical,27,3.3,5,0,1,ideal,0,0,0,True,0.0001011818767894858,9.999999999999999e-05,1.404344389690066,1.895655610309934,2.199030159661356,0.0008359093948357127,0.7215483424850432,0.7215726433746467,-0.0,1.0,-0.0,1.0,-0.0,1.0,-0.0,1.0,0.0,1.0,0.0,1.0,1.011818767894858,-1.1102230246251565e-14,1.1818767894858029,True
20261075,statistical,27,3.3,5,0,1,ideal,0,0,0,True,0.0001012971987027135,9.999999999999999e-05,1.35855696034357,1.94144303965643,2.198936005406763,0.0008364860044018513,0.6897628656508703,0.6897863704614103,0.0,1.0,0.0,1.0,-0.0,1.0,0.0,1.0,-0.0,1.0,-0.0,1.0,1.0129719870271352,-1.1102230246251565e-14,1.297198702713498,True
20261076,statistical,27,3.3,5,0,1,ideal,0,0,0,True,0.0001012974619389019,9.999999999999999e-05,1.366995793995778,1.933004206004222,2.19893579060344,0.0008364873205829132,0.6950328798529577,0.6950563812097471,-0.0,1.0,-0.0,1.0,-0.0,1.0,-0.0,1.0,0.0,1.0,0.0,1.0,1.012974619389019,-1.1102230246251565e-14,1.2974619389019004,True
20261077,statistical,27,3.3,5,0,1,ideal,0,0,0,True,0.0001011702274267313,9.999999999999999e-05,1.423928068690084,1.876071931309916,2.199039676352661,0.0008358511480236186,0.7382403854936105,0.7382647644297513,0.0,1.0,0.0,1.0,0.0,1.0,0.0,1.0,-0.0,1.0,-0.0,1.0,1.0117022742673132,-1.1102230246251565e-14,1.1702274267312962,True
20261078,statistical,27,3.3,5,0,1,ideal,0,0,0,True,0.0001012089056898481,9.999999999999999e-05,1.392606769111599,1.907393230888401,2.199008082955671,0.0008360445393382435,0.7066232171063523,0.706647328807105,0.0,1.0,-0.0,1.0,0.0,1.0,-0.0,1.0,0.0,1.0,-0.0,1.0,1.012089056898481,-1.1102230246251565e-14,1.2089056898480832,True
20261079,statistical,27,3.3,5,0,1,ideal,0,0,0,True,0.0001012330761992998,9.999999999999999e-05,1.391391480560441,1.90860851943956,2.198988345618089,0.0008361653918846629,0.7231266277312459,0.7231505764032249,0.0,1.0,0.0,1.0,0.0,1.0,-0.0,1.0,0.0,1.0,-0.0,1.0,1.012330761992998,-1.1102230246251565e-14,1.2330761992997985,True
20261080,statistical,27,3.3,5,0,1,ideal,0,0,0,True,0.000101283377456113,9.999999999999999e-05,1.348546563065461,1.95145343693454,2.198947284416271,0.0008364168981687287,0.6782550078669379,0.6782786109598871,0.0,1.0,-0.0,1.0,-0.0,1.0,-0.0,1.0,0.0,1.0,-0.0,1.0,1.01283377456113,-1.1102230246251565e-14,1.2833774561129996,True
20261081,statistical,27,3.3,5,0,1,ideal,0,0,0,True,0.0001013334415301372,9.999999999999999e-05,1.348805736278481,1.951194263721519,2.198906435831763,0.000836667218539569,0.6617431940323368,0.6617664431210962,-0.0,1.0,-0.0,1.0,-0.0,1.0,0.0,1.0,0.0,1.0,-0.0,1.0,1.0133344153013721,-1.1102230246251565e-14,1.3334415301371916,True
20261082,statistical,27,3.3,5,0,1,ideal,0,0,0,True,0.0001012534162589453,9.999999999999999e-05,1.387537493137959,1.912462506862042,2.198971739605747,0.0008362670921836094,0.7030333783584493,0.7030571815470061,0.0,1.0,-0.0,1.0,0.0,1.0,-0.0,1.0,0.0,1.0,0.0,1.0,1.012534162589453,-1.1102230246251565e-14,1.2534162589452835,True
20261083,statistical,27,3.3,5,0,1,ideal,0,0,0,True,0.0001011909551186675,9.999999999999999e-05,1.400419300131085,1.899580699868915,2.199022744032654,0.0008359547864816212,0.7222743241765603,0.7222985629821163,0.0,1.0,-0.0,1.0,0.0,1.0,-0.0,1.0,0.0,1.0,-0.0,1.0,1.0119095511866751,-1.1102230246251565e-14,1.1909551186674916,True
20261084,statistical,27,3.3,5,0,1,ideal,0,0,0,True,0.0001012524359308954,9.999999999999999e-05,1.368568935364852,1.931431064635148,2.198972539892433,0.0008362621905431205,0.6789743849265505,0.6789981952763121,0.0,1.0,0.0,1.0,-0.0,1.0,-0.0,1.0,0.0,1.0,-0.0,1.0,1.0125243593089541,-1.1102230246251565e-14,1.2524359308953903,True
20261085,statistical,27,3.3,5,0,1,ideal,0,0,0,True,0.0001011738878588132,9.999999999999999e-05,1.402712451676398,1.897287548323602,2.199036685932152,0.00083586945018223,0.7257368683560895,0.7257612260074979,0.0,1.0,0.0,1.0,0.0,1.0,-0.0,1.0,-0.0,1.0,0.0,1.0,1.011738878588132,-1.1102230246251565e-14,1.1738878588132051,True
20261086,statistical,27,3.3,5,0,1,ideal,0,0,0,True,0.0001011970507988059,9.999999999999999e-05,1.4041224053389,1.895877594661101,2.199017765129804,0.0008359852648820738,0.7123690003776479,0.7123931912456112,0.0,1.0,0.0,1.0,0.0,1.0,-0.0,1.0,0.0,1.0,0.0,1.0,1.0119705079880592,-1.1102230246251565e-14,1.1970507988058987,True
20261087,statistical,27,3.3,5,0,1,ideal,0,0,0,True,0.0001013049406326728,9.999999999999999e-05,1.352725628383584,1.947274371616416,2.19892968813455,0.0008365247140516478,0.6851137802676237,0.6851372317344581,-0.0,1.0,-0.0,1.0,-0.0,1.0,0.0,1.0,-0.0,1.0,0.0,1.0,1.0130494063267281,-1.1102230246251565e-14,1.3049406326727908,True
20261088,statistical,27,3.3,5,0,1,ideal,0,0,0,True,0.0001012617055317157,9.999999999999999e-05,1.379087054746025,1.920912945253975,2.198964972983634,0.0008363085385472218,0.6861484467615281,0.6861721902252724,-0.0,1.0,0.0,1.0,0.0,1.0,-0.0,1.0,0.0,1.0,-0.0,1.0,1.012617055317157,-1.1102230246251565e-14,1.2617055317156955,True
20261089,statistical,27,3.3,5,0,1,ideal,0,0,0,True,0.0001011646672260226,9.999999999999999e-05,1.415320555879683,1.884679444120317,2.199044218999329,0.0008358233470185166,0.7280098394051567,0.7280342578687572,0.0,1.0,0.0,1.0,-0.0,1.0,-0.0,1.0,0.0,1.0,0.0,1.0,1.011646672260226,-1.1102230246251565e-14,1.1646672260225976,True
20261090,statistical,27,3.3,5,0,1,ideal,0,0,0,True,0.0001012972019348836,9.999999999999999e-05,1.347277264269553,1.952722735730447,2.198936002769293,0.0008364860205631811,0.6703654116801557,0.6703889171873609,-0.0,1.0,0.0,1.0,-0.0,1.0,0.0,1.0,-0.0,1.0,-0.0,1.0,1.012972019348836,-1.1102230246251565e-14,1.297201934883585,True
20261091,statistical,27,3.3,5,0,1,ideal,0,0,0,True,0.0001011943609287015,9.999999999999999e-05,1.392760549696592,1.907239450303408,2.199019962159496,0.0008359718155316714,0.7083420104624287,0.7083662244440713,0.0,1.0,0.0,1.0,0.0,1.0,-0.0,1.0,-0.0,1.0,0.0,1.0,1.011943609287015,-1.1102230246251565e-14,1.1943609287014878,True
20261092,statistical,27,3.3,5,0,1,ideal,0,0,0,True,0.0001011707272859076,9.999999999999999e-05,1.427452278639553,1.872547721360447,2.199039267982545,0.0008358536473178219,0.7437753547229016,0.7437997313518138,0.0,1.0,-0.0,1.0,0.0,1.0,0.0,1.0,0.0,1.0,0.0,1.0,1.0117072728590761,-1.1102230246251565e-14,1.1707272859075912,True
20261093,statistical,27,3.3,5,0,1,ideal,0,0,0,True,0.000101188675470464,9.999999999999999e-05,1.397982013177112,1.902017986822889,2.19902460610344,0.000835943388240244,0.7142480328432314,0.7142722876474867,-0.0,1.0,-0.0,1.0,-0.0,1.0,-0.0,1.0,-0.0,1.0,0.0,1.0,1.01188675470464,-1.1102230246251565e-14,1.1886754704639957,True
20261094,statistical,27,3.3,5,0,1,ideal,0,0,0,True,0.0001013288531189217,9.999999999999999e-05,1.348922135275937,1.951077864724063,2.198910178847539,0.0008366442764839712,0.6800695076792889,0.680092792941067,0.0,1.0,-0.0,1.0,0.0,1.0,0.0,1.0,0.0,1.0,0.0,1.0,1.013288531189217,-1.1102230246251565e-14,1.3288531189217023,True
20261095,statistical,27,3.3,5,0,1,ideal,0,0,0,True,0.0001011855474262759,9.999999999999999e-05,1.386844983671684,1.913155016328316,2.199027161228286,0.0008359277480195432,0.6987047418786679,0.6987290170655324,0.0,1.0,0.0,1.0,0.0,1.0,0.0,1.0,-0.0,1.0,0.0,1.0,1.011855474262759,-1.1102230246251565e-14,1.1855474262759014,True
20261096,statistical,27,3.3,5,0,1,ideal,0,0,0,True,0.0001011581772134597,9.999999999999999e-05,1.416903589009534,1.883096410990466,2.199049521592498,0.0008357908969555822,0.7185132805234113,0.7185377392194374,-0.0,1.0,0.0,1.0,-0.0,1.0,0.0,1.0,0.0,1.0,0.0,1.0,1.011581772134597,-1.1102230246251565e-14,1.158177213459699,True
20261097,statistical,27,3.3,5,0,1,ideal,0,0,0,True,0.0001011795053366206,9.999999999999999e-05,1.4172385251877,1.8827614748123,2.199032096884367,0.0008358975375722258,0.7229504992279826,0.722974811200879,-0.0,1.0,-0.0,1.0,0.0,1.0,0.0,1.0,-0.0,1.0,-0.0,1.0,1.0117950533662061,-1.1102230246251565e-14,1.1795053366205899,True
20261098,statistical,27,3.3,5,0,1,ideal,0,0,0,True,0.0001012763147974773,9.999999999999999e-05,1.372771920134849,1.927228079865151,2.198953048549259,0.0008363815848755501,0.6823712529665346,0.6823948965955563,-0.0,1.0,0.0,1.0,-0.0,1.0,-0.0,1.0,-0.0,1.0,-0.0,1.0,1.012763147974773,-1.1102230246251565e-14,1.276314797477296,True
20261099,statistical,27,3.3,5,0,1,ideal,0,0,0,True,0.0001011757486747057,9.999999999999999e-05,1.407169092771767,1.892830907228233,2.19903516576203,0.0008358787542618123,0.718796376290854,0.7188207180048437,-0.0,1.0,0.0,1.0,0.0,1.0,0.0,1.0,-0.0,1.0,-0.0,1.0,1.0117574867470571,-1.1102230246251565e-14,1.17574867470569,True
20261100,statistical,27,3.3,5,0,1,ideal,0,0,0,True,0.0001012564720581678,9.999999999999999e-05,1.356992732888493,1.943007267111507,2.198969245063603,0.0008362823711797222,0.6788253709218416,0.6788491577269089,-0.0,1.0,0.0,1.0,0.0,1.0,0.0,1.0,-0.0,1.0,0.0,1.0,1.0125647205816781,-1.1102230246251565e-14,1.2564720581677902,True
20261101,statistical,27,3.3,5,0,1,ideal,0,0,0,True,0.0001012756192136201,9.999999999999999e-05,1.364744268551869,1.935255731448131,2.198953616264939,0.0008363781069566239,0.6956306517309402,0.695654307067637,-0.0,1.0,0.0,1.0,0.0,1.0,-0.0,1.0,-0.0,1.0,-0.0,1.0,1.0127561921362012,-1.1102230246251565e-14,1.275619213620094,True
20261102,statistical,27,3.3,5,0,1,ideal,0,0,0,True,0.000101306800168114,9.999999999999999e-05,1.347949443506392,1.952050556493608,2.198928170855394,0.0008365340117295731,0.67663024544759,0.6766536855882455,0.0,1.0,-0.0,1.0,0.0,1.0,-0.0,1.0,-0.0,1.0,0.0,1.0,1.0130680016811402,-1.1102230246251565e-14,1.3068001681139974,True
20261103,statistical,27,3.3,5,0,1,ideal,0,0,0,True,0.0001013100501482568,9.999999999999999e-05,1.357844034112687,1.942155965887313,2.19892551911222,0.0008365502616301671,0.6804513173208939,0.680474730677438,0.0,1.0,0.0,1.0,-0.0,1.0,0.0,1.0,-0.0,1.0,-0.0,1.0,1.013100501482568,-1.1102230246251565e-14,1.3100501482567806,True
20261104,statistical,27,3.3,5,0,1,ideal,0,0,0,True,0.0001012972266207369,9.999999999999999e-05,1.360955605138036,1.939044394861964,2.198935982625359,0.0008364861439925679,0.6851555829122837,0.6851790856863169,0.0,1.0,0.0,1.0,0.0,1.0,0.0,1.0,-0.0,1.0,0.0,1.0,1.012972266207369,-1.1102230246251565e-14,1.2972266207368799,True
20261105,statistical,27,3.3,5,0,1,ideal,0,0,0,True,0.0001013704402990746,9.999999999999999e-05,1.331155482493345,1.968844517506656,2.198876259742417,0.0008368522123832974,0.644233952107974,0.6442569468055596,-0.0,1.0,-0.0,1.0,-0.0,1.0,-0.0,1.0,0.0,1.0,0.0,1.0,1.013704402990746,-1.1102230246251565e-14,1.3704402990745823,True
20261106,statistical,27,3.3,5,0,1,ideal,0,0,0,True,0.0001013364276735231,9.999999999999999e-05,1.357165797365143,1.942834202634857,2.198903999958176,0.0008366821492564984,0.6779499124581096,0.677973141616697,0.0,1.0,-0.0,1.0,0.0,1.0,0.0,1.0,-0.0,1.0,0.0,1.0,1.013364276735231,-1.1102230246251565e-14,1.3364276735230884,True
20261107,statistical,27,3.3,5,0,1,ideal,0,0,0,True,0.0001013863291689744,9.999999999999999e-05,1.318104047564113,1.981895952435888,2.198863303999012,0.0008369316567332758,0.6303376455865533,0.630360531207026,0.0,1.0,-0.0,1.0,0.0,1.0,-0.0,1.0,-0.0,1.0,0.0,1.0,1.013863291689744,-1.1102230246251565e-14,1.3863291689743873,True
20261108,statistical,27,3.3,5,0,1,ideal,0,0,0,True,0.0001011868757419733,9.999999999999999e-05,1.410645464566608,1.889354535433392,2.199026076192197,0.0008359343896023458,0.7225075759479007,0.722531838651547,0.0,1.0,-0.0,1.0,0.0,1.0,-0.0,1.0,0.0,1.0,-0.0,1.0,1.0118687574197331,-1.1102230246251565e-14,1.1868757419732923,True
20261109,statistical,27,3.3,5,0,1,ideal,0,0,0,True,0.0001012838895544056,9.999999999999999e-05,1.363830927573396,1.936169072426605,2.198946866485965,0.0008364194586612708,0.6891380613422492,0.6891616579038026,0.0,1.0,0.0,1.0,-0.0,1.0,-0.0,1.0,0.0,1.0,0.0,1.0,1.0128388955440562,-1.1102230246251565e-14,1.2838895544055928,True
20261110,statistical,27,3.3,5,0,1,ideal,0,0,0,True,0.0001012479821787728,9.999999999999999e-05,1.377061060793385,1.922938939206615,2.198976175785787,0.0008362399217831066,0.6911216298281825,0.6911454728894327,0.0,1.0,-0.0,1.0,0.0,1.0,-0.0,1.0,-0.0,1.0,-0.0,1.0,1.0124798217877282,-1.1102230246251565e-14,1.2479821787727996,True
20261111,statistical,27,3.3,5,0,1,ideal,0,0,0,True,0.0001011616400689021,9.999999999999999e-05,1.440429488135329,1.859570511864672,2.199046692264913,0.0008358082112336332,0.763103828082107,0.763128265697428,0.0,1.0,-0.0,1.0,0.0,1.0,0.0,1.0,0.0,1.0,0.0,1.0,1.0116164006890211,-1.1102230246251565e-14,1.1616400689020923,True
20261112,statistical,27,3.3,5,0,1,ideal,0,0,0,True,0.000101282341865211,9.999999999999999e-05,1.364027627999275,1.935972372000726,2.19894812958199,0.0008364117202146984,0.6739190993969444,0.6739427035824094,-0.0,1.0,0.0,1.0,0.0,1.0,-0.0,1.0,0.0,1.0,0.0,1.0,1.0128234186521101,-1.1102230246251565e-14,1.2823418652109897,True
20261113,statistical,27,3.3,5,0,1,ideal,0,0,0,True,0.0001011437259001403,9.999999999999999e-05,1.428195260342112,1.871804739657889,2.199061330026107,0.0008357186403892252,0.7481969092879038,0.7482214715583797,0.0,1.0,0.0,1.0,0.0,1.0,0.0,1.0,-0.0,1.0,0.0,1.0,1.0114372590014031,-1.1102230246251565e-14,1.143725900140291,True
20261114,statistical,27,3.3,5,0,1,ideal,0,0,0,True,0.0001011717376010814,9.999999999999999e-05,1.420528336709868,1.879471663290133,2.199038442590807,0.0008358586988948893,0.7352783905575979,0.7353027577558736,-0.0,1.0,-0.0,1.0,0.0,1.0,-0.0,1.0,0.0,1.0,0.0,1.0,1.011717376010814,-1.1102230246251565e-14,1.1717376010813796,True
20261115,statistical,27,3.3,5,0,1,ideal,0,0,0,True,0.0001011777934606108,9.999999999999999e-05,1.418851980496043,1.881148019503958,2.199033495330192,0.0008358889781914574,0.742343800338511,0.7423681286866269,-0.0,1.0,0.0,1.0,0.0,1.0,-0.0,1.0,0.0,1.0,0.0,1.0,1.011777934606108,-1.1102230246251565e-14,1.1777934606107987,True
20261116,statistical,27,3.3,5,0,1,ideal,0,0,0,True,0.0001011885471829323,9.999999999999999e-05,1.40576063597497,1.89423936402503,2.199024710892894,0.0008359427468054624,0.710098728784261,0.7101229787559707,-0.0,1.0,-0.0,1.0,-0.0,1.0,0.0,1.0,0.0,1.0,0.0,1.0,1.011885471829323,-1.1102230246251565e-14,1.188547182932287,True
20261117,statistical,27,3.3,5,0,1,ideal,0,0,0,True,0.0001011946123354725,9.999999999999999e-05,1.392383558490881,1.907616441509119,2.199019756813394,0.0008359730725666051,0.7043323082423236,0.7043565198717961,0.0,1.0,-0.0,1.0,0.0,1.0,-0.0,1.0,-0.0,1.0,0.0,1.0,1.0119461233547251,-1.1102230246251565e-14,1.1946123354724891,True
20261118,statistical,27,3.3,5,0,1,ideal,0,0,0,True,0.0001012621911637303,9.999999999999999e-05,1.377666012879672,1.922333987120328,2.198964576573147,0.0008363109667072948,0.6882363070618821,0.6882600471267601,-0.0,1.0,0.0,1.0,0.0,1.0,-0.0,1.0,0.0,1.0,0.0,1.0,1.0126219116373032,-1.1102230246251565e-14,1.2621911637302974,True
20261119,statistical,27,3.3,5,0,1,ideal,0,0,0,True,0.0001013046078741588,9.999999999999999e-05,1.361127442719241,1.938872557280759,2.198929959650052,0.0008365230502591975,0.6763100394491373,0.6763334879723493,-0.0,1.0,-0.0,1.0,0.0,1.0,0.0,1.0,-0.0,1.0,-0.0,1.0,1.013046078741588,-1.1102230246251565e-14,1.3046078741587808,True
20261120,statistical,27,3.3,5,0,1,ideal,0,0,0,True,0.0001012436239316584,9.999999999999999e-05,1.382875252865078,1.917124747134922,2.198979733857414,0.0008362181305464561,0.6925091367555235,0.6925330082747319,0.0,1.0,0.0,1.0,0.0,1.0,-0.0,1.0,-0.0,1.0,0.0,1.0,1.012436239316584,-1.1102230246251565e-14,1.2436239316583775,True
20261121,statistical,27,3.3,5,0,1,ideal,0,0,0,True,0.0001013021884892708,9.999999999999999e-05,1.349454487358198,1.950545512641802,2.198931933780958,0.0008365109533365555,0.6541460886055008,0.6541695528049254,0.0,1.0,-0.0,1.0,-0.0,1.0,-0.0,1.0,0.0,1.0,-0.0,1.0,1.013021884892708,-1.1102230246251565e-14,1.3021884892707947,True
20261122,statistical,27,3.3,5,0,1,ideal,0,0,0,True,0.0001012717329992298,9.999999999999999e-05,1.376315516583265,1.923684483416735,2.198956788149479,0.0008363586758847923,0.6851111727512353,0.685134847352384,-0.0,1.0,-0.0,1.0,-0.0,1.0,-0.0,1.0,-0.0,1.0,0.0,1.0,1.012717329992298,-1.1102230246251565e-14,1.27173299922978,True
20261123,statistical,27,3.3,5,0,1,ideal,0,0,0,True,0.0001011907955263282,9.999999999999999e-05,1.408266140445403,1.891733859554597,2.199022874390177,0.0008359539885200444,0.7325205098568647,0.7325447495184029,-0.0,1.0,0.0,1.0,-0.0,1.0,-0.0,1.0,-0.0,1.0,0.0,1.0,1.0119079552632821,-1.1102230246251565e-14,1.1907955263281922,True
20261124,statistical,27,3.3,5,0,1,ideal,0,0,0,True,0.0001012058767529779,9.999999999999999e-05,1.400071348519104,1.899928651480896,2.199010556659856,0.0008360293946549713,0.7066944281667435,0.706718558964826,-0.0,1.0,-0.0,1.0,-0.0,1.0,0.0,1.0,0.0,1.0,-0.0,1.0,1.012058767529779,-1.1102230246251565e-14,1.2058767529778969,True
20261125,statistical,27,3.3,5,0,1,ideal,0,0,0,True,0.0001011931129007805,9.999999999999999e-05,1.383430874513196,1.916569125486804,2.199020981541257,0.0008359655753921863,0.7009270218485992,0.7009512466121546,0.0,1.0,0.0,1.0,-0.0,1.0,0.0,1.0,0.0,1.0,0.0,1.0,1.011931129007805,-1.1102230246251565e-14,1.193112900780502,True
20261126,statistical,27,3.3,5,0,1,ideal,0,0,0,True,0.0001013154249307603,9.999999999999999e-05,1.333609358644702,1.966390641355298,2.19892113386285,0.0008365771355425648,0.6471104713811487,0.6471338492121276,0.0,1.0,-0.0,1.0,0.0,1.0,0.0,1.0,-0.0,1.0,0.0,1.0,1.0131542493076031,-1.1102230246251565e-14,1.3154249307602894,True
20261127,statistical,27,3.3,5,0,1,ideal,0,0,0,True,0.0001011928612342351,9.999999999999999e-05,1.407830219582456,1.892169780417544,2.199021187102421,0.0008359643170594594,0.7298723498720201,0.7298965753923494,0.0,1.0,0.0,1.0,-0.0,1.0,-0.0,1.0,-0.0,1.0,0.0,1.0,1.011928612342351,-1.1102230246251565e-14,1.1928612342350986,True
20261128,statistical,27,3.3,5,0,1,ideal,0,0,0,True,0.0001013268016115844,9.999999999999999e-05,1.343526319945047,1.956473680054954,2.198911852424764,0.0008366340189466851,0.662588709625854,0.6626120078548388,0.0,1.0,-0.0,1.0,0.0,1.0,0.0,1.0,-0.0,1.0,-0.0,1.0,1.013268016115844,-1.1102230246251565e-14,1.326801611584405,True
20261129,statistical,27,3.3,5,0,1,ideal,0,0,0,True,0.0001012501486758878,9.999999999999999e-05,1.362069134449776,1.937930865550225,2.198974407111699,0.0008362507542680824,0.6799975033894456,0.6800213323526432,0.0,1.0,-0.0,1.0,0.0,1.0,-0.0,1.0,-0.0,1.0,0.0,1.0,1.012501486758878,-1.1102230246251565e-14,1.2501486758877967,True
20261130,statistical,27,3.3,5,0,1,ideal,0,0,0,True,0.0001012374454447808,9.999999999999999e-05,1.385997122383866,1.914002877616134,2.198984778218681,0.0008361872381121877,0.6978063322129956,0.6978302450917752,0.0,1.0,-0.0,1.0,0.0,1.0,-0.0,1.0,0.0,1.0,-0.0,1.0,1.0123744544478082,-1.1102230246251565e-14,1.2374454447807937,True
20261131,statistical,27,3.3,5,0,1,ideal,0,0,0,True,0.000101259629764673,9.999999999999999e-05,1.362962411907617,1.937037588092383,2.198966667405698,0.0008362981597115288,0.6853094155173668,0.6853331808458418,0.0,1.0,0.0,1.0,-0.0,1.0,0.0,1.0,-0.0,1.0,-0.0,1.0,1.0125962976467302,-1.1102230246251565e-14,1.2596297646729981,True
20261132,statistical,27,3.3,5,0,1,ideal,0,0,0,True,0.0001013518967508843,9.999999999999999e-05,1.325715017753996,1.974284982246004,2.198891382514312,0.0008367594946435444,0.6372906934624045,0.6373138177995397,-0.0,1.0,-0.0,1.0,0.0,1.0,0.0,1.0,-0.0,1.0,-0.0,1.0,1.013518967508843,-1.1102230246251565e-14,1.351896750884296,True
20261133,statistical,27,3.3,5,0,1,ideal,0,0,0,True,0.00010137469119066,9.999999999999999e-05,1.331343566583901,1.9686564334161,2.198872793389644,0.0008368734668413441,0.6630899171354875,0.6631128864745929,-0.0,1.0,-0.0,1.0,-0.0,1.0,0.0,1.0,0.0,1.0,-0.0,1.0,1.0137469119066,-1.1102230246251565e-14,1.3746911906600046,True
20261134,statistical,27,3.3,5,0,1,ideal,0,0,0,True,0.0001013297607493192,9.999999999999999e-05,1.351019632424033,1.948980367575968,2.198909438431594,0.0008366488146347601,0.6680694211123644,0.6680926975385184,0.0,1.0,-0.0,1.0,0.0,1.0,-0.0,1.0,-0.0,1.0,0.0,1.0,1.013297607493192,-1.1102230246251565e-14,1.3297607493192087,True
20261135,statistical,27,3.3,5,0,1,ideal,0,0,0,True,0.0001012241715315944,9.999999999999999e-05,1.385857199508831,1.914142800491169,2.198995616544312,0.0008361208685466151,0.68759875048366,0.6876227559779021,0.0,1.0,-0.0,1.0,-0.0,1.0,-0.0,1.0,-0.0,1.0,-0.0,1.0,1.012241715315944,-1.1102230246251565e-14,1.224171531594398,True
20261136,statistical,27,3.3,5,0,1,ideal,0,0,0,True,0.0001011548420124377,9.999999999999999e-05,1.419890330976214,1.880109669023787,2.199052246705944,0.0008357742209503522,0.727568014957742,0.7275924980319881,0.0,1.0,-0.0,1.0,-0.0,1.0,0.0,1.0,0.0,1.0,0.0,1.0,1.011548420124377,-1.1102230246251565e-14,1.1548420124376957,True
20261137,statistical,27,3.3,5,0,1,ideal,0,0,0,True,0.0001011514911664192,9.999999999999999e-05,1.415153330009246,1.884846669990754,2.199054984687495,0.0008357574667200203,0.7358776637190483,0.7359021763086193,-0.0,1.0,0.0,1.0,-0.0,1.0,0.0,1.0,-0.0,1.0,0.0,1.0,1.0115149116641922,-1.1102230246251565e-14,1.151491166419194,True
20261138,statistical,27,3.3,5,0,1,ideal,0,0,0,True,0.000101296257678939,9.999999999999999e-05,1.347043537387304,1.952956462612697,2.198936773295725,0.000836481299282859,0.6709934854152328,0.671016996180255,0.0,1.0,0.0,1.0,-0.0,1.0,-0.0,1.0,0.0,1.0,0.0,1.0,1.0129625767893902,-1.1102230246251565e-14,1.2962576789389946,True
20261139,statistical,27,3.3,5,0,1,ideal,0,0,0,True,0.0001011538857067186,9.999999999999999e-05,1.427335749204336,1.872664250795664,2.199053028096174,0.0008357694394221165,0.7462504296998582,0.7462749212756381,-0.0,1.0,0.0,1.0,-0.0,1.0,-0.0,1.0,-0.0,1.0,0.0,1.0,1.0115388570671862,-1.1102230246251565e-14,1.1538857067185937,True
20261140,statistical,27,3.3,5,0,1,ideal,0,0,0,True,0.0001012773671958235,9.999999999999999e-05,1.378173703018285,1.921826296981715,2.198952189618748,0.0008363868468672814,0.7021175056828086,0.7021411440800266,-0.0,1.0,-0.0,1.0,0.0,1.0,-0.0,1.0,0.0,1.0,0.0,1.0,1.012773671958235,-1.1102230246251565e-14,1.2773671958234978,True
20261141,statistical,27,3.3,5,0,1,ideal,0,0,0,True,0.0001011809702978929,9.999999999999999e-05,1.41772197181401,1.88227802818599,2.199030900162875,0.0008359048623777481,0.7422100586172231,0.7422343633643826,0.0,1.0,0.0,1.0,0.0,1.0,-0.0,1.0,0.0,1.0,-0.0,1.0,1.011809702978929,-1.1102230246251565e-14,1.1809702978929026,True
20261142,statistical,27,3.3,5,0,1,ideal,0,0,0,True,0.0001011600451431462,9.999999999999999e-05,1.430877651911453,1.869122348088548,2.199047995388406,0.0008358002366044941,0.7535035049317748,0.7535279546374833,0.0,1.0,-0.0,1.0,0.0,1.0,0.0,1.0,-0.0,1.0,0.0,1.0,1.011600451431462,-1.1102230246251565e-14,1.1600451431461822,True
20261143,statistical,27,3.3,5,0,1,ideal,0,0,0,True,0.0001012280555920099,9.999999999999999e-05,1.385874010854241,1.914125989145759,2.198992445019541,0.000836140288848573,0.7082943552301403,0.7083183370180702,-0.0,1.0,0.0,1.0,0.0,1.0,0.0,1.0,0.0,1.0,0.0,1.0,1.0122805559200991,-1.1102230246251565e-14,1.2280555920098912,True
20261144,statistical,27,3.3,5,0,1,ideal,0,0,0,True,0.0001011558640512823,9.999999999999999e-05,1.42159757656258,1.87840242343742,2.199051411613348,0.0008357793311460139,0.7316390515384716,0.7316635296346082,0.0,1.0,-0.0,1.0,0.0,1.0,0.0,1.0,-0.0,1.0,0.0,1.0,1.011558640512823,-1.1102230246251565e-14,1.155864051282296,True
20261145,statistical,27,3.3,5,0,1,ideal,0,0,0,True,0.0001012365118090698,9.999999999999999e-05,1.371945753222407,1.928054246777594,2.198985540500963,0.0008361825699335129,0.7000022944937692,0.7000262188735663,-0.0,1.0,0.0,1.0,-0.0,1.0,0.0,1.0,-0.0,1.0,-0.0,1.0,1.012365118090698,-1.1102230246251565e-14,1.2365118090697846,True
20261146,statistical,27,3.3,5,0,1,ideal,0,0,0,True,0.000101228729991746,9.999999999999999e-05,1.386812048816441,1.913187951183559,2.198991894350929,0.000836143660847373,0.6965046961515349,0.6965286712699784,-0.0,1.0,0.0,1.0,0.0,1.0,0.0,1.0,-0.0,1.0,-0.0,1.0,1.01228729991746,-1.1102230246251565e-14,1.2287299917459915,True
20261147,statistical,27,3.3,5,0,1,ideal,0,0,0,True,0.0001012082999137078,9.999999999999999e-05,1.391257388053413,1.908742611946587,2.199008577681772,0.0008360415104569424,0.7061317014457443,0.7061558181290685,-0.0,1.0,-0.0,1.0,0.0,1.0,-0.0,1.0,-0.0,1.0,-0.0,1.0,1.012082999137078,-1.1102230246251565e-14,1.2082999137077888,True
20261148,statistical,27,3.3,5,0,1,ideal,0,0,0,True,0.000101231855385432,9.999999999999999e-05,1.403813864632539,1.896186135367461,2.198989342413422,0.000836159287815324,0.7212211120572783,0.7212450644686765,-0.0,1.0,0.0,1.0,0.0,1.0,0.0,1.0,-0.0,1.0,-0.0,1.0,1.01231855385432,-1.1102230246251565e-14,1.2318553854319791,True
20261149,statistical,27,3.3,5,0,1,ideal,0,0,0,True,0.0001012202377264017,9.999999999999999e-05,1.387164688728671,1.912835311271329,2.198998828804559,0.0008361011995200525,0.7081865857828819,0.7082106220320392,-0.0,1.0,-0.0,1.0,-0.0,1.0,0.0,1.0,0.0,1.0,-0.0,1.0,1.012202377264017,-1.1102230246251565e-14,1.2202377264016961,True
20261150,statistical,27,3.3,5,0,1,ideal,0,0,0,True,0.0001012445986674705,9.999999999999999e-05,1.3832538069638,1.9167461930362,2.198978938070925,0.0008362230042270747,0.6876373068521847,0.6876611693009823,-0.0,1.0,-0.0,1.0,-0.0,1.0,-0.0,1.0,0.0,1.0,0.0,1.0,1.012445986674705,-1.1102230246251565e-14,1.244598667470509,True
20261151,statistical,27,3.3,5,0,1,ideal,0,0,0,True,0.0001013402903925033,9.999999999999999e-05,1.347708622504665,1.952291377495335,2.198900849139372,0.0008367014628506803,0.6618944858172349,0.6619176888161588,0.0,1.0,0.0,1.0,-0.0,1.0,-0.0,1.0,0.0,1.0,0.0,1.0,1.0134029039250332,-1.1102230246251565e-14,1.340290392503296,True
20261152,statistical,27,3.3,5,0,1,ideal,0,0,0,True,0.0001012621096904488,9.999999999999999e-05,1.359915752282816,1.940084247717184,2.19896464307783,0.0008363105593407677,0.6838048479630537,0.6838285963945921,0.0,1.0,-0.0,1.0,-0.0,1.0,-0.0,1.0,0.0,1.0,0.0,1.0,1.0126210969044882,-1.1102230246251565e-14,1.2621096904487983,True
20261153,statistical,27,3.3,5,0,1,ideal,0,0,0,True,0.0001012066849149064,9.999999999999999e-05,1.40489745717992,1.89510254282008,2.199009896634827,0.0008360334354636549,0.7185086368300778,0.7185327638585762,-0.0,1.0,-0.0,1.0,0.0,1.0,-0.0,1.0,0.0,1.0,0.0,1.0,1.012066849149064,-1.1102230246251565e-14,1.2066849149063863,True
20261154,statistical,27,3.3,5,0,1,ideal,0,0,0,True,0.0001012347609582455,9.999999999999999e-05,1.36633147469593,1.93366852530407,2.198986970029815,0.0008361738156797509,0.6806435053033376,0.6806674415029217,-0.0,1.0,0.0,1.0,-0.0,1.0,0.0,1.0,-0.0,1.0,-0.0,1.0,1.012347609582455,-1.1102230246251565e-14,1.2347609582454844,True
20261155,statistical,27,3.3,5,0,1,ideal,0,0,0,True,0.0001012637509724569,9.999999999999999e-05,1.372973690279971,1.927026309720029,2.198963303348462,0.0008363187657503286,0.6938459231478666,0.6938696578967967,-0.0,1.0,0.0,1.0,0.0,1.0,-0.0,1.0,0.0,1.0,0.0,1.0,1.0126375097245692,-1.1102230246251565e-14,1.2637509724569007,True
20261156,statistical,27,3.3,5,0,1,ideal,0,0,0,True,0.0001012601775284273,9.999999999999999e-05,1.390131055053926,1.909868944946074,2.198966220269984,0.0008363008985337768,0.7019755933540643,0.7019993470059961,-0.0,1.0,0.0,1.0,0.0,1.0,0.0,1.0,-0.0,1.0,0.0,1.0,1.012601775284273,-1.1102230246251565e-14,1.2601775284273087,True
20261157,statistical,27,3.3,5,0,1,ideal,0,0,0,True,0.0001011785192776883,9.999999999999999e-05,1.4123762796465,1.8876237203535,2.199032902401445,0.0008358926072776843,0.7287479673328446,0.728772290208193,-0.0,1.0,0.0,1.0,-0.0,1.0,0.0,1.0,-0.0,1.0,0.0,1.0,1.011785192776883,-1.1102230246251565e-14,1.1785192776882836,True
20261158,statistical,27,3.3,5,0,1,ideal,0,0,0,True,0.0001012163733896045,9.999999999999999e-05,1.403616559653525,1.896383440346475,2.199001984452535,0.0008360818778379842,0.7241145752679,0.7241386346650577,0.0,1.0,0.0,1.0,0.0,1.0,-0.0,1.0,-0.0,1.0,0.0,1.0,1.0121637338960452,-1.1102230246251565e-14,1.216373389604497,True
20261159,statistical,27,3.3,5,0,1,ideal,0,0,0,True,0.0001012380211008192,9.999999999999999e-05,1.38385220748774,1.91614779251226,2.198984308218096,0.0008361901163921397,0.7193713665551282,0.7193952813416172,0.0,1.0,0.0,1.0,-0.0,1.0,-0.0,1.0,-0.0,1.0,0.0,1.0,1.012380211008192,-1.1102230246251565e-14,1.2380211008191866,True
20261160,statistical,27,3.3,5,0,1,ideal,0,0,0,True,0.000101219288119271,9.999999999999999e-05,1.396529438594103,1.903470561405897,2.198999604250779,0.0008360964514845188,0.7091824634905827,0.709206502870457,0.0,1.0,0.0,1.0,0.0,1.0,-0.0,1.0,0.0,1.0,-0.0,1.0,1.0121928811927101,-1.1102230246251565e-14,1.2192881192709892,True
20261161,statistical,27,3.3,5,0,1,ideal,0,0,0,True,0.0001011792542807334,9.999999999999999e-05,1.397712726355916,1.902287273644084,2.199032301972614,0.0008358962822923104,0.7109653895791413,0.7109897079668791,0.0,1.0,0.0,1.0,0.0,1.0,-0.0,1.0,0.0,1.0,-0.0,1.0,1.0117925428073342,-1.1102230246251565e-14,1.1792542807333994,True
20261162,statistical,27,3.3,5,0,1,ideal,0,0,0,True,0.0001012173559749775,9.999999999999999e-05,1.407907712453095,1.892092287546905,2.19900118205484,0.000836086790763531,0.7343943289158436,0.7344183829391261,0.0,1.0,-0.0,1.0,0.0,1.0,0.0,1.0,-0.0,1.0,0.0,1.0,1.0121735597497752,-1.1102230246251565e-14,1.2173559749774965,True
20261163,statistical,27,3.3,5,0,1,ideal,0,0,0,True,0.0001013193568175409,9.999999999999999e-05,1.334502594515206,1.965497405484795,2.198917926000827,0.000836596794976348,0.657160106403849,0.6571834590126465,0.0,1.0,-0.0,1.0,0.0,1.0,0.0,1.0,-0.0,1.0,0.0,1.0,1.013193568175409,-1.1102230246251565e-14,1.3193568175408954,True
20261164,statistical,27,3.3,5,0,1,ideal,0,0,0,True,0.00010124698572357,9.999999999999999e-05,1.377807051994057,1.922192948005943,2.198976989278844,0.0008362349395060137,0.690530308798531,0.6905541558290937,-0.0,1.0,0.0,1.0,0.0,1.0,-0.0,1.0,0.0,1.0,-0.0,1.0,1.0124698572357,-1.1102230246251565e-14,1.2469857235700044,True
20261165,statistical,27,3.3,5,0,1,ideal,0,0,0,True,0.0001012038723316201,9.999999999999999e-05,1.395958315544219,1.904041684455781,2.199012193690122,0.0008360193725462645,0.7270715251453674,0.7270956762640777,0.0,1.0,0.0,1.0,0.0,1.0,0.0,1.0,0.0,1.0,-0.0,1.0,1.0120387233162011,-1.1102230246251565e-14,1.2038723316200928,True
20261166,statistical,27,3.3,5,0,1,ideal,0,0,0,True,0.0001013441383550208,9.999999999999999e-05,1.343996238969998,1.956003761030003,2.198897710469495,0.0008367207026661448,0.6523122066548334,0.6523353803183035,-0.0,1.0,-0.0,1.0,0.0,1.0,0.0,1.0,-0.0,1.0,0.0,1.0,1.013441383550208,-1.1102230246251565e-14,1.3441383550207853,True
20261167,statistical,27,3.3,5,0,1,ideal,0,0,0,True,0.0001012234469053509,9.999999999999999e-05,1.400862496633732,1.899137503366269,2.198996208249611,0.0008361172454157575,0.7268956743048887,0.7269196862446681,-0.0,1.0,0.0,1.0,0.0,1.0,0.0,1.0,-0.0,1.0,-0.0,1.0,1.0122344690535092,-1.1102230246251565e-14,1.2234469053509,True
20261168,statistical,27,3.3,5,0,1,ideal,0,0,0,True,0.0001011511926403265,9.999999999999999e-05,1.416240800511413,1.883759199488587,2.199055228617763,0.0008357559740915944,0.7286701108532962,0.7286946222775528,0.0,1.0,0.0,1.0,-0.0,1.0,0.0,1.0,0.0,1.0,-0.0,1.0,1.011511926403265,-1.1102230246251565e-14,1.1511926403264816,True
20261169,statistical,27,3.3,5,0,1,ideal,0,0,0,True,0.0001012665253699864,9.999999999999999e-05,1.366810720989267,1.933189279010733,2.198961038737107,0.0008363326377382157,0.6865674725208258,0.6865911868464402,0.0,1.0,-0.0,1.0,0.0,1.0,0.0,1.0,0.0,1.0,0.0,1.0,1.0126652536998642,-1.1102230246251565e-14,1.2665253699863932,True
20261170,statistical,27,3.3,5,0,1,ideal,0,0,0,True,0.0001012289630598352,9.999999999999999e-05,1.381930969193752,1.918069030806248,2.198991704044266,0.000836144826189138,0.6819307364143015,0.6819547071022384,0.0,1.0,-0.0,1.0,0.0,1.0,0.0,1.0,0.0,1.0,-0.0,1.0,1.012289630598352,-1.1102230246251565e-14,1.2289630598351975,True
20261171,statistical,27,3.3,5,0,1,ideal,0,0,0,True,0.0001012978107360175,9.999999999999999e-05,1.341383752412748,1.958616247587252,2.198935505982362,0.0008364890645688511,0.6630333348793319,0.6630568372325384,0.0,1.0,0.0,1.0,0.0,1.0,0.0,1.0,0.0,1.0,0.0,1.0,1.0129781073601751,-1.1102230246251565e-14,1.2978107360174906,True
20261172,statistical,27,3.3,5,0,1,ideal,0,0,0,True,0.0001012529074286873,9.999999999999999e-05,1.379811207967587,1.920188792032413,2.198972154986292,0.0008362645480318404,0.6948735301967716,0.6948973386840094,0.0,1.0,0.0,1.0,-0.0,1.0,0.0,1.0,-0.0,1.0,0.0,1.0,1.012529074286873,-1.1102230246251565e-14,1.2529074286872888,True
20261173,statistical,27,3.3,5,0,1,ideal,0,0,0,True,0.0001013230798690969,9.999999999999999e-05,1.354500532670754,1.945499467329247,2.19891488862646,0.0008366154102337679,0.6674848966161536,0.6675082187993895,0.0,1.0,-0.0,1.0,0.0,1.0,-0.0,1.0,-0.0,1.0,-0.0,1.0,1.013230798690969,-1.1102230246251565e-14,1.3230798690968992,True
20261174,statistical,27,3.3,5,0,1,ideal,0,0,0,True,0.000101241500914039,9.999999999999999e-05,1.377036669656516,1.922963330343484,2.198981467140444,0.0008362075154589581,0.6871078558824387,0.6871317420573131,-0.0,1.0,0.0,1.0,0.0,1.0,-0.0,1.0,-0.0,1.0,-0.0,1.0,1.01241500914039,-1.1102230246251565e-14,1.2415009140389843,True
20261175,statistical,27,3.3,5,0,1,ideal,0,0,0,True,0.0001012341960895959,9.999999999999999e-05,1.386450265389608,1.913549734610392,2.198987431236832,0.0008361709913362631,0.7011509972138473,0.7011749339203666,-0.0,1.0,0.0,1.0,-0.0,1.0,0.0,1.0,-0.0,1.0,0.0,1.0,1.012341960895959,-1.1102230246251565e-14,1.2341960895958959,True
20261176,statistical,27,3.3,5,0,1,ideal,0,0,0,True,0.0001013244740752518,9.999999999999999e-05,1.350463871860822,1.949536128139178,2.198913751219257,0.0008366223812645429,0.6660320114741156,0.6660553245762343,-0.0,1.0,0.0,1.0,0.0,1.0,-0.0,1.0,-0.0,1.0,-0.0,1.0,1.013244740752518,-1.1102230246251565e-14,1.3244740752518025,True
20261177,statistical,27,3.3,5,0,1,ideal,0,0,0,True,0.0001012245875889696,9.999999999999999e-05,1.382368167581001,1.917631832418999,2.198995276807725,0.0008361229488361285,0.6913298725919393,0.6913538755033315,-0.0,1.0,-0.0,1.0,0.0,1.0,-0.0,1.0,-0.0,1.0,0.0,1.0,1.0122458758896962,-1.1102230246251565e-14,1.2245875889695945,True
20261178,statistical,27,3.3,5,0,1,ideal,0,0,0,True,0.0001013654413034394,9.999999999999999e-05,1.310818908427206,1.989181091572794,2.198880336304726,0.0008368272174056007,0.6480142541941039,0.6480372903037172,-0.0,1.0,0.0,1.0,-0.0,1.0,-0.0,1.0,0.0,1.0,-0.0,1.0,1.013654413034394,-1.1102230246251565e-14,1.3654413034394075,True
20261179,statistical,27,3.3,5,0,1,ideal,0,0,0,True,0.0001010867107156734,9.999999999999999e-05,1.46070898683686,1.839291013163141,2.199107933638277,0.0008354335644673698,0.7701429557025313,0.7701679098027191,-0.0,1.0,-0.0,1.0,0.0,1.0,0.0,1.0,0.0,1.0,-0.0,1.0,1.0108671071567341,-1.1102230246251565e-14,1.086710715673389,True
20261180,statistical,27,3.3,5,0,1,ideal,0,0,0,True,0.0001012318836880367,9.999999999999999e-05,1.372946818149734,1.927053181850266,2.198989319304218,0.0008361594293282276,0.7017340727889422,0.7017580314849705,-0.0,1.0,-0.0,1.0,0.0,1.0,0.0,1.0,-0.0,1.0,-0.0,1.0,1.012318836880367,-1.1102230246251565e-14,1.2318836880366835,True
20261181,statistical,27,3.3,5,0,1,ideal,0,0,0,True,0.0001013195664571,9.999999999999999e-05,1.35888152472572,1.94111847527428,2.198917754967963,0.0008365978431736637,0.6655114415809952,0.6655347858877808,0.0,1.0,0.0,1.0,0.0,1.0,0.0,1.0,0.0,1.0,0.0,1.0,1.013195664571,-1.1102230246251565e-14,1.3195664570999854,True
20261182,statistical,27,3.3,5,0,1,ideal,0,0,0,True,0.0001011603346999691,9.999999999999999e-05,1.397710301331432,1.902289698668568,2.199047758806506,0.0008358016843882494,0.7008347183161915,0.7008591664273387,-0.0,1.0,-0.0,1.0,0.0,1.0,0.0,1.0,0.0,1.0,-0.0,1.0,1.011603346999691,-1.1102230246251565e-14,1.160334699969101,True
20261183,statistical,27,3.3,5,0,1,ideal,0,0,0,True,0.0001012705933099091,9.999999999999999e-05,1.370294070507643,1.929705929492357,2.198957718372771,0.000836352977437949,0.6935160943430777,0.6935397825563678,-0.0,1.0,0.0,1.0,-0.0,1.0,0.0,1.0,0.0,1.0,0.0,1.0,1.012705933099091,-1.1102230246251565e-14,1.270593309909085,True
20261184,statistical,27,3.3,5,0,1,ideal,0,0,0,True,0.0001012292658325754,9.999999999999999e-05,1.384846881731186,1.915153118268814,2.198991456822449,0.0008361463400514006,0.7051277647423294,0.7051517389310559,0.0,1.0,0.0,1.0,0.0,1.0,-0.0,1.0,0.0,1.0,-0.0,1.0,1.012292658325754,-1.1102230246251565e-14,1.229265832575388,True
20261185,statistical,27,3.3,5,0,1,ideal,0,0,0,True,0.0001012462149527805,9.999999999999999e-05,1.362413536335693,1.937586463664308,2.198977618531218,0.000836231085652546,0.678928461507267,0.6789523187112733,-0.0,1.0,-0.0,1.0,0.0,1.0,-0.0,1.0,0.0,1.0,0.0,1.0,1.012462149527805,-1.1102230246251565e-14,1.2462149527805,True
20261186,statistical,27,3.3,5,0,1,ideal,0,0,0,True,0.0001012072126495801,9.999999999999999e-05,1.400618975651949,1.899381024348052,2.199009465637131,0.000836036074136544,0.7221817224685211,0.7222058486784851,-0.0,1.0,-0.0,1.0,0.0,1.0,-0.0,1.0,0.0,1.0,-0.0,1.0,1.012072126495801,-1.1102230246251565e-14,1.2072126495800806,True
20261187,statistical,27,3.3,5,0,1,ideal,0,0,0,True,0.0001011535374937401,9.999999999999999e-05,1.446770644065557,1.853229355934444,2.199053312620103,0.0008357676983583031,0.7660151847617683,0.7660396771419014,-0.0,1.0,0.0,1.0,-0.0,1.0,0.0,1.0,-0.0,1.0,0.0,1.0,1.011535374937401,-1.1102230246251565e-14,1.1535374937400977,True
20261188,statistical,27,3.3,5,0,1,ideal,0,0,0,True,0.000101126208263821,9.999999999999999e-05,1.424800074305852,1.875199925694149,2.199075646132485,0.0008356310522076287,0.7460362885746388,0.7460609755224665,0.0,1.0,0.0,1.0,0.0,1.0,0.0,1.0,-0.0,1.0,-0.0,1.0,1.0112620826382102,-1.1102230246251565e-14,1.1262082638209936,True
20261189,statistical,27,3.3,5,0,1,ideal,0,0,0,True,0.0001012490015276803,9.999999999999999e-05,1.371283355282037,1.928716644717963,2.198975343610412,0.0008362450185271646,0.6748051439320558,0.6748289777691566,0.0,1.0,0.0,1.0,-0.0,1.0,-0.0,1.0,0.0,1.0,0.0,1.0,1.012490015276803,-1.1102230246251565e-14,1.2490015276803046,True
20261190,statistical,27,3.3,5,0,1,ideal,0,0,0,True,0.0001011286328378382,9.999999999999999e-05,1.413671852300634,1.886328147699366,2.199073664535734,0.0008356431750773547,0.7253102998508157,0.7253349677066611,0.0,1.0,-0.0,1.0,0.0,1.0,0.0,1.0,0.0,1.0,0.0,1.0,1.0112863283783822,-1.1102230246251565e-14,1.128632837838195,True
20261191,statistical,27,3.3,5,0,1,ideal,0,0,0,True,0.0001011904754479821,9.999999999999999e-05,1.406337704501241,1.893662295498759,2.199023135835783,0.0008359523881283143,0.7212436288009098,0.7212678681677022,0.0,1.0,0.0,1.0,-0.0,1.0,-0.0,1.0,0.0,1.0,-0.0,1.0,1.0119047544798212,-1.1102230246251565e-14,1.1904754479820978,True
20261192,statistical,27,3.3,5,0,1,ideal,0,0,0,True,0.0001012859712351889,9.999999999999999e-05,1.361838388358684,1.938161611641316,2.198945167618726,0.0008364298670641085,0.6957581081442377,0.6957816920975393,-0.0,1.0,-0.0,1.0,0.0,1.0,-0.0,1.0,-0.0,1.0,0.0,1.0,1.0128597123518892,-1.1102230246251565e-14,1.2859712351888986,True
20261193,statistical,27,3.3,5,0,1,ideal,0,0,0,True,0.0001012488869098006,9.999999999999999e-05,1.373748148126821,1.92625185187318,2.198975437181687,0.0008362444454376465,0.6899303710434471,0.6899542073024929,0.0,1.0,0.0,1.0,0.0,1.0,0.0,1.0,0.0,1.0,-0.0,1.0,1.012488869098006,-1.1102230246251565e-14,1.248886909800584,True
20261194,statistical,27,3.3,5,0,1,ideal,0,0,0,True,0.0001012577491001067,9.999999999999999e-05,1.370796995965557,1.929203004034443,2.198968202596255,0.0008362887563915742,0.6797850890207338,0.6798088627845367,-0.0,1.0,0.0,1.0,-0.0,1.0,-0.0,1.0,-0.0,1.0,0.0,1.0,1.0125774910010672,-1.1102230246251565e-14,1.2577491001066976,True
20261195,statistical,27,3.3,5,0,1,ideal,0,0,0,True,0.0001012986887582058,9.999999999999999e-05,1.344350372857922,1.955649627142078,2.198934789513716,0.000836493454679073,0.6749325589370775,0.674956055255716,-0.0,1.0,-0.0,1.0,-0.0,1.0,0.0,1.0,-0.0,1.0,-0.0,1.0,1.012986887582058,-1.1102230246251565e-14,1.2986887582058015,True
20261196,statistical,27,3.3,5,0,1,ideal,0,0,0,True,0.0001013339521639657,9.999999999999999e-05,1.336467326294691,1.963532673705309,2.198906019289889,0.0008366697717078725,0.6561784048972936,0.6562016535627236,0.0,1.0,0.0,1.0,-0.0,1.0,0.0,1.0,0.0,1.0,0.0,1.0,1.013339521639657,-1.1102230246251565e-14,1.3339521639657015,True
20261197,statistical,27,3.3,5,0,1,ideal,0,0,0,True,0.0001013293812580364,9.999999999999999e-05,1.348744231520832,1.951255768479168,2.198909748007734,0.0008366469171802637,0.6749156088026534,0.6749388903985204,0.0,1.0,-0.0,1.0,0.0,1.0,-0.0,1.0,-0.0,1.0,-0.0,1.0,1.013293812580364,-1.1102230246251565e-14,1.3293812580363884,True
20261198,statistical,27,3.3,5,0,1,ideal,0,0,0,True,0.0001011982214073938,9.999999999999999e-05,1.398038871798875,1.901961128201125,2.199016809018285,0.0008359911179265712,0.7106654158296108,0.7106896008223609,0.0,1.0,0.0,1.0,0.0,1.0,0.0,1.0,-0.0,1.0,-0.0,1.0,1.011982214073938,-1.1102230246251565e-14,1.198221407393807,True
20261199,statistical,27,3.3,5,0,1,ideal,0,0,0,True,0.0001012748041731938,9.999999999999999e-05,1.363456716102866,1.936543283897134,2.1989542814823,0.0008363740317544926,0.6856604382976961,0.6856840975376454,-0.0,1.0,0.0,1.0,0.0,1.0,-0.0,1.0,-0.0,1.0,0.0,1.0,1.012748041731938,-1.1102230246251565e-14,1.2748041731937887,True
20261200,statistical,27,3.3,5,0,1,ideal,0,0,0,True,0.000101282896155407,9.999999999999999e-05,1.369711142473346,1.930288857526654,2.198947677214058,0.0008364144916659181,0.6844405729489311,0.6844641725234804,-0.0,1.0,-0.0,1.0,0.0,1.0,0.0,1.0,-0.0,1.0,0.0,1.0,1.01282896155407,-1.1102230246251565e-14,1.2828961554069984,True
20261201,statistical,27,3.3,5,0,1,ideal,0,0,0,True,0.00010124183113032,9.999999999999999e-05,1.373934016372789,1.926065983627211,2.19898119754165,0.000836209166540243,0.6845907362194067,0.6846146200948945,0.0,1.0,-0.0,1.0,0.0,1.0,-0.0,1.0,-0.0,1.0,-0.0,1.0,1.0124183113032001,-1.1102230246251565e-14,1.2418311303199925,True
20261202,statistical,27,3.3,5,0,1,ideal,0,0,0,True,0.0001012792013146359,9.999999999999999e-05,1.364652711015615,1.935347288984385,2.198950692695524,0.0008363960174618229,0.6651650097668144,0.6651886337111824,-0.0,1.0,-0.0,1.0,0.0,1.0,0.0,1.0,-0.0,1.0,-0.0,1.0,1.012792013146359,-1.1102230246251565e-14,1.2792013146359027,True
20261203,statistical,27,3.3,5,0,1,ideal,0,0,0,True,0.0001012652947797789,9.999999999999999e-05,1.383377946033748,1.916622053966252,2.198962043203327,0.0008363264847874179,0.7104240190960609,0.7104477422632139,0.0,1.0,0.0,1.0,-0.0,1.0,-0.0,1.0,0.0,1.0,-0.0,1.0,1.012652947797789,-1.1102230246251565e-14,1.2652947797789027,True
20261204,statistical,27,3.3,5,0,1,ideal,0,0,0,True,0.0001011795089427493,9.999999999999999e-05,1.393203030367844,1.906796969632156,2.1990320939385,0.0008358975556019104,0.7081705904803527,0.7081949089421814,-0.0,1.0,-0.0,1.0,-0.0,1.0,-0.0,1.0,-0.0,1.0,-0.0,1.0,1.0117950894274932,-1.1102230246251565e-14,1.1795089427492966,True
20261205,statistical,27,3.3,5,0,1,ideal,0,0,0,True,0.0001011982043200312,9.999999999999999e-05,1.404008080850772,1.895991919149229,2.199016822974564,0.0008359910324887991,0.7249384781234885,0.7249626662373561,0.0,1.0,-0.0,1.0,-0.0,1.0,-0.0,1.0,-0.0,1.0,0.0,1.0,1.0119820432003122,-1.1102230246251565e-14,1.1982043200311931,True
20261206,statistical,27,3.3,5,0,1,ideal,0,0,0,True,0.0001013171709183104,9.999999999999999e-05,1.330554105876272,1.969445894123728,2.19891970937017,0.0008365858654801955,0.6565946387900095,0.6566180082596634,0.0,1.0,-0.0,1.0,-0.0,1.0,0.0,1.0,0.0,1.0,0.0,1.0,1.013171709183104,-1.1102230246251565e-14,1.3171709183103841,True
20261207,statistical,27,3.3,5,0,1,ideal,0,0,0,True,0.0001012516321730707,9.999999999999999e-05,1.383802553484559,1.916197446515441,2.198973196042165,0.0008362581717557949,0.7147831745309755,0.7148069942392231,-0.0,1.0,-0.0,1.0,-0.0,1.0,-0.0,1.0,-0.0,1.0,0.0,1.0,1.0125163217307072,-1.1102230246251565e-14,1.2516321730706936,True
20261208,statistical,27,3.3,5,0,1,ideal,0,0,0,True,0.0001012972665881619,9.999999999999999e-05,1.368747540577964,1.931252459422036,2.198935950011538,0.000836486343829093,0.6754643706706409,0.6754878682331008,-0.0,1.0,-0.0,1.0,-0.0,1.0,0.0,1.0,-0.0,1.0,0.0,1.0,1.012972665881619,-1.1102230246251565e-14,1.2972665881618939,True
20261209,statistical,27,3.3,5,0,1,ideal,0,0,0,True,0.0001012037896608965,9.999999999999999e-05,1.396553248670103,1.903446751329897,2.199012261208761,0.0008360189591927665,0.7042178931593052,0.7042420407025652,0.0,1.0,0.0,1.0,-0.0,1.0,-0.0,1.0,-0.0,1.0,-0.0,1.0,1.0120378966089651,-1.1102230246251565e-14,1.2037896608964926,True
20261210,statistical,27,3.3,5,0,1,ideal,0,0,0,True,0.0001013610181368775,9.999999999999999e-05,1.332287062624389,1.967712937375611,2.198883943449441,0.000836805101573031,0.6550153055195767,0.6550383669243973,0.0,1.0,-0.0,1.0,0.0,1.0,-0.0,1.0,-0.0,1.0,-0.0,1.0,1.0136101813687752,-1.1102230246251565e-14,1.361018136877501,True
20261211,statistical,27,3.3,5,0,1,ideal,0,0,0,True,0.0001012105104595341,9.999999999999999e-05,1.4099848553031,1.8900151446969,2.199006772383557,0.0008360525631877525,0.7279238534363633,0.7279479529498379,0.0,1.0,-0.0,1.0,0.0,1.0,0.0,1.0,-0.0,1.0,0.0,1.0,1.012105104595341,-1.1102230246251565e-14,1.2105104595340865,True
20261212,statistical,27,3.3,5,0,1,ideal,0,0,0,True,0.0001011673923147284,9.999999999999999e-05,1.430456530264893,1.869543469735107,2.199041992590835,0.0008358369724626451,0.7311224718251165,0.7311468647214906,0.0,1.0,-0.0,1.0,0.0,1.0,-0.0,1.0,0.0,1.0,0.0,1.0,1.011673923147284,-1.1102230246251565e-14,1.1673923147283993,True
20261213,statistical,27,3.3,5,0,1,ideal,0,0,0,True,0.0001012414990342093,9.999999999999999e-05,1.388129545159724,1.911870454840276,2.198981468675231,0.00083620750605981,0.7257146860218887,0.7257385758165721,0.0,1.0,0.0,1.0,0.0,1.0,0.0,1.0,0.0,1.0,0.0,1.0,1.0124149903420931,-1.1102230246251565e-14,1.2414990342092924,True
20261214,statistical,27,3.3,5,0,1,ideal,0,0,0,True,0.0001013347828103618,9.999999999999999e-05,1.356449755405434,1.943550244594566,2.198905341706804,0.0008366739249400929,0.679607069302778,0.6796303111228554,-0.0,1.0,0.0,1.0,0.0,1.0,-0.0,1.0,-0.0,1.0,-0.0,1.0,1.0133478281036181,-1.1102230246251565e-14,1.3347828103617898,True
20261215,statistical,27,3.3,5,0,1,ideal,0,0,0,True,0.0001011027115865416,9.999999999999999e-05,1.439437320164302,1.860562679835698,2.199094852204227,0.0008355135688212317,0.7676656920057272,0.7676905424085461,0.0,1.0,-0.0,1.0,-0.0,1.0,-0.0,1.0,-0.0,1.0,0.0,1.0,1.011027115865416,-1.1102230246251565e-14,1.1027115865415826,True
20261216,statistical,27,3.3,5,0,1,ideal,0,0,0,True,0.0001012051414465666,9.999999999999999e-05,1.386740262011303,1.913259737988697,2.199011157188167,0.0008360257181209968,0.6875377142729812,0.6875618521875125,0.0,1.0,0.0,1.0,0.0,1.0,0.0,1.0,-0.0,1.0,0.0,1.0,1.012051414465666,-1.1102230246251565e-14,1.2051414465665822,True
20261217,statistical,27,3.3,5,0,1,ideal,0,0,0,True,0.0001012478027856324,9.999999999999999e-05,1.394510099566221,1.905489900433779,2.198976322239464,0.0008362390248162061,0.7098596446357733,0.7098834865069552,0.0,1.0,-0.0,1.0,-0.0,1.0,-0.0,1.0,0.0,1.0,-0.0,1.0,1.0124780278563241,-1.1102230246251565e-14,1.2478027856323903,True
20261218,statistical,27,3.3,5,0,1,ideal,0,0,0,True,0.0001012720137115543,9.999999999999999e-05,1.372036687396121,1.92796331260388,2.1989565590314,0.0008363600794460552,0.6905531010816135,0.6905767787044784,0.0,1.0,0.0,1.0,-0.0,1.0,-0.0,1.0,0.0,1.0,0.0,1.0,1.0127201371155432,-1.1102230246251565e-14,1.2720137115542984,True
20261219,statistical,27,3.3,5,0,1,ideal,0,0,0,True,0.0001012256213448061,9.999999999999999e-05,1.403757902092775,1.896242097907226,2.198994432687739,0.0008361281176125539,0.7301054162620383,0.7301294124670122,0.0,1.0,0.0,1.0,0.0,1.0,-0.0,1.0,0.0,1.0,0.0,1.0,1.012256213448061,-1.1102230246251565e-14,1.2256213448061049,True
20261220,statistical,27,3.3,5,0,1,ideal,0,0,0,True,0.0001013097775419282,9.999999999999999e-05,1.362711213880978,1.937288786119022,2.19892574153572,0.0008365488985987638,0.6904919597303998,0.6905153768288317,-0.0,1.0,0.0,1.0,0.0,1.0,0.0,1.0,0.0,1.0,-0.0,1.0,1.013097775419282,-1.1102230246251565e-14,1.3097775419282032,True
20261221,statistical,27,3.3,5,0,1,ideal,0,0,0,True,0.0001012306471158587,9.999999999999999e-05,1.386248330900637,1.913751669099363,2.198990328977469,0.0008361532464674576,0.6882447147547976,0.6882686730229154,0.0,1.0,0.0,1.0,-0.0,1.0,0.0,1.0,0.0,1.0,-0.0,1.0,1.0123064711585872,-1.1102230246251565e-14,1.2306471158586962,True
20261222,statistical,27,3.3,5,0,1,ideal,0,0,0,True,0.0001011288816100232,9.999999999999999e-05,1.424614947317868,1.875385052682132,2.199073461217523,0.0008356444189388794,0.7382263022478822,0.7382509686588891,0.0,1.0,-0.0,1.0,-0.0,1.0,-0.0,1.0,0.0,1.0,0.0,1.0,1.011288816100232,-1.1102230246251565e-14,1.1288816100231802,True
20261223,statistical,27,3.3,5,0,1,ideal,0,0,0,True,0.0001012366151750078,9.999999999999999e-05,1.363834571278163,1.936165428721838,2.198985456105822,0.0008361830867634429,0.680668540370256,0.6806924618450222,-0.0,1.0,0.0,1.0,-0.0,1.0,0.0,1.0,0.0,1.0,-0.0,1.0,1.012366151750078,-1.1102230246251565e-14,1.2366151750077936,True
20261224,statistical,27,3.3,5,0,1,ideal,0,0,0,True,0.0001012799251548237,9.999999999999999e-05,1.363857162174569,1.936142837825431,2.19895010193753,0.000836399636663361,0.6964138203786882,0.6964374452187114,0.0,1.0,-0.0,1.0,-0.0,1.0,-0.0,1.0,-0.0,1.0,-0.0,1.0,1.0127992515482371,-1.1102230246251565e-14,1.2799251548236912,True
20261225,statistical,27,3.3,5,0,1,ideal,0,0,0,True,0.0001012548455995023,9.999999999999999e-05,1.380898587312655,1.919101412687345,2.198970572782649,0.0008362742388863945,0.6990729789665951,0.6990967741683114,-0.0,1.0,-0.0,1.0,-0.0,1.0,0.0,1.0,0.0,1.0,0.0,1.0,1.012548455995023,-1.1102230246251565e-14,1.2548455995022856,True
20261226,statistical,27,3.3,5,0,1,ideal,0,0,0,True,0.000101168719305761,9.999999999999999e-05,1.409950537818233,1.890049462181767,2.199040908454224,0.000835843607417928,0.7233797445191166,0.7234041351252118,-0.0,1.0,0.0,1.0,-0.0,1.0,-0.0,1.0,-0.0,1.0,0.0,1.0,1.0116871930576101,-1.1102230246251565e-14,1.1687193057609901,True
20261227,statistical,27,3.3,5,0,1,ideal,0,0,0,True,0.0001011826965351083,9.999999999999999e-05,1.413777438944964,1.886222561055037,2.199029490026885,0.0008359134935640649,0.7253614123472558,0.7253857043540185,-0.0,1.0,0.0,1.0,0.0,1.0,0.0,1.0,0.0,1.0,-0.0,1.0,1.0118269653510832,-1.1102230246251565e-14,1.1826965351082963,True
20261228,statistical,27,3.3,5,0,1,ideal,0,0,0,True,0.0001012394212727975,9.999999999999999e-05,1.383209871362004,1.916790128637996,2.198983165043038,0.0008361971172543092,0.711008555222009,0.7110324583072491,0.0,1.0,0.0,1.0,0.0,1.0,0.0,1.0,-0.0,1.0,0.0,1.0,1.012394212727975,-1.1102230246251565e-14,1.239421272797503,True
20261229,statistical,27,3.3,5,0,1,ideal,0,0,0,True,0.0001013048058482403,9.999999999999999e-05,1.364982930655205,1.935017069344796,2.198929798112281,0.0008365240401296053,0.688593051172947,0.6886165006957038,-0.0,1.0,-0.0,1.0,-0.0,1.0,-0.0,1.0,-0.0,1.0,0.0,1.0,1.013048058482403,-1.1102230246251565e-14,1.304805848240287,True
20261230,statistical,27,3.3,5,0,1,ideal,0,0,0,True,0.0001012728033057399,9.999999999999999e-05,1.369016603471307,1.930983396528693,2.198955914565918,0.0008363640274195004,0.6876456390602228,0.6876693103802423,-0.0,1.0,0.0,1.0,0.0,1.0,-0.0,1.0,-0.0,1.0,0.0,1.0,1.0127280330573991,-1.1102230246251565e-14,1.272803305739889,True
20261231,statistical,27,3.3,5,0,1,ideal,0,0,0,True,0.0001013260723720534,9.999999999999999e-05,1.342404368353598,1.957595631646402,2.198912447330946,0.0008366303727485507,0.6514170960429349,0.6514403980405004,0.0,1.0,-0.0,1.0,0.0,1.0,0.0,1.0,-0.0,1.0,0.0,1.0,1.0132607237205342,-1.1102230246251565e-14,1.3260723720533996,True
20261232,statistical,27,3.3,5,0,1,ideal,0,0,0,True,0.0001013537929286946,9.999999999999999e-05,1.341424561769686,1.958575438230314,2.198889836010124,0.000836768975531877,0.6613800574026649,0.6614031694247848,-0.0,1.0,-0.0,1.0,0.0,1.0,0.0,1.0,0.0,1.0,0.0,1.0,1.0135379292869462,-1.1102230246251565e-14,1.353792928694597,True
20261233,statistical,27,3.3,5,0,1,ideal,0,0,0,True,0.000101272053709799,9.999999999999999e-05,1.365360745993864,1.934639254006136,2.198956526384773,0.0008363602794382377,0.6817243408900764,0.6817480169350857,0.0,1.0,-0.0,1.0,0.0,1.0,0.0,1.0,0.0,1.0,0.0,1.0,1.01272053709799,-1.1102230246251565e-14,1.2720537097989926,True
20261234,statistical,27,3.3,5,0,1,ideal,0,0,0,True,0.0001012040955356532,9.999999999999999e-05,1.408869083242336,1.891130916757664,2.199012011395739,0.0008360204885664296,0.7061927683944988,0.7062169086280079,0.0,1.0,-0.0,1.0,-0.0,1.0,-0.0,1.0,0.0,1.0,-0.0,1.0,1.0120409553565322,-1.1102230246251565e-14,1.2040955356531935,True
20261235,statistical,27,3.3,5,0,1,ideal,0,0,0,True,0.0001013368015822315,9.999999999999999e-05,1.334774723477282,1.965225276522718,2.198903694956012,0.0008366840187998008,0.6741715759670678,0.6741948101275935,-0.0,1.0,0.0,1.0,-0.0,1.0,-0.0,1.0,-0.0,1.0,-0.0,1.0,1.013368015822315,-1.1102230246251565e-14,1.336801582231506,True
20261236,statistical,27,3.3,5,0,1,ideal,0,0,0,True,0.0001012899767216736,9.999999999999999e-05,1.357918940531027,1.942081059468973,2.198941898818862,0.0008364498944964122,0.6770269140861903,0.6770504671121699,0.0,1.0,-0.0,1.0,-0.0,1.0,-0.0,1.0,-0.0,1.0,0.0,1.0,1.0128997672167361,-1.1102230246251565e-14,1.2899767216735913,True
20261237,statistical,27,3.3,5,0,1,ideal,0,0,0,True,0.0001013885659025461,9.999999999999999e-05,1.306286190171549,1.993713809828452,2.198861480325295,0.0008369428404030521,0.6342318504705059,0.634254723448279,-0.0,1.0,-0.0,1.0,-0.0,1.0,-0.0,1.0,0.0,1.0,0.0,1.0,1.013885659025461,-1.1102230246251565e-14,1.3885659025460795,True
20261238,statistical,27,3.3,5,0,1,ideal,0,0,0,True,0.0001012040258768855,9.999999999999999e-05,1.397228777850215,1.902771222149785,2.199012068287123,0.0008360201402742697,0.7037798546521029,0.7038039986715431,-0.0,1.0,-0.0,1.0,0.0,1.0,0.0,1.0,0.0,1.0,0.0,1.0,1.012040258768855,-1.1102230246251565e-14,1.204025876885506,True
20261239,statistical,27,3.3,5,0,1,ideal,0,0,0,True,0.0001012111619559554,9.999999999999999e-05,1.395741748801171,1.904258251198829,2.19900624032956,0.0008360558206684202,0.6980350149520744,0.69805910915203,-0.0,1.0,0.0,1.0,-0.0,1.0,0.0,1.0,-0.0,1.0,-0.0,1.0,1.012111619559554,-1.1102230246251565e-14,1.2111619559554088,True
20261240,statistical,27,3.3,5,0,1,ideal,0,0,0,True,0.0001011321712469949,9.999999999999999e-05,1.419886256108841,1.88011374389116,2.199070772685042,0.000835660867123738,0.7309451237414333,0.7309697664802183,0.0,1.0,-0.0,1.0,0.0,1.0,-0.0,1.0,0.0,1.0,-0.0,1.0,1.0113217124699492,-1.1102230246251565e-14,1.1321712469948952,True
20261241,statistical,27,3.3,5,0,1,ideal,0,0,0,True,0.0001012543904489362,9.999999999999999e-05,1.372510881924094,1.927489118075906,2.198970944337075,0.000836271963133564,0.6768679402364777,0.6768917371525904,0.0,1.0,0.0,1.0,-0.0,1.0,0.0,1.0,0.0,1.0,-0.0,1.0,1.012543904489362,-1.1102230246251565e-14,1.2543904489361823,True
20261242,statistical,27,3.3,5,0,1,ideal,0,0,0,True,0.0001013107196662801,9.999999999999999e-05,1.353348395361788,1.946651604638213,2.198924972844991,0.0008365536092199237,0.6755499520414342,0.6755733610869151,-0.0,1.0,-0.0,1.0,0.0,1.0,-0.0,1.0,-0.0,1.0,-0.0,1.0,1.0131071966628011,-1.1102230246251565e-14,1.3107196662800913,True
20261243,statistical,27,3.3,5,0,1,ideal,0,0,0,True,0.0001012637964955089,9.999999999999999e-05,1.36542601761272,1.934573982387281,2.198963266189633,0.0008363189933664277,0.687956646712732,0.6879803821691874,-0.0,1.0,-0.0,1.0,-0.0,1.0,-0.0,1.0,0.0,1.0,0.0,1.0,1.012637964955089,-1.1102230246251565e-14,1.2637964955088954,True
20261244,statistical,27,3.3,5,0,1,ideal,0,0,0,True,0.0001013256205432213,9.999999999999999e-05,1.335287184666506,1.964712815333495,2.198912815930315,0.0008366281136047498,0.6462878304570697,0.6463111369399507,-0.0,1.0,0.0,1.0,-0.0,1.0,0.0,1.0,-0.0,1.0,0.0,1.0,1.013256205432213,-1.1102230246251565e-14,1.3256205432212953,True
20261245,statistical,27,3.3,5,0,1,ideal,0,0,0,True,0.0001014400746570345,9.999999999999999e-05,1.285882803421401,2.014117196578599,2.198819494189335,0.0008372003841730964,0.6133322808450147,0.6133547983037534,0.0,1.0,0.0,1.0,0.0,1.0,-0.0,1.0,-0.0,1.0,-0.0,1.0,1.014400746570345,-1.1102230246251565e-14,1.4400746570345069,True
20261246,statistical,27,3.3,5,0,1,ideal,0,0,0,True,0.0001011263394933727,9.999999999999999e-05,1.42627564612159,1.873724353878411,2.199075538877838,0.0008356317083555069,0.7280506459205123,0.7280753270610721,-0.0,1.0,0.0,1.0,0.0,1.0,0.0,1.0,-0.0,1.0,0.0,1.0,1.011263394933727,-1.1102230246251565e-14,1.1263394933726856,True
20261247,statistical,27,3.3,5,0,1,ideal,0,0,0,True,0.0001012596125172428,9.999999999999999e-05,1.381263367801284,1.918736632198716,2.198966681484678,0.0008362980734750973,0.7009980613362224,0.7010218220807343,-0.0,1.0,0.0,1.0,0.0,1.0,-0.0,1.0,-0.0,1.0,0.0,1.0,1.0125961251724283,-1.1102230246251565e-14,1.259612517242803,True
20261248,statistical,27,3.3,5,0,1,ideal,0,0,0,True,0.000101188271489704,9.999999999999999e-05,1.404025547407526,1.895974452592474,2.199024936088615,0.0008359413683371635,0.7133903830624518,0.7134146363522725,0.0,1.0,0.0,1.0,-0.0,1.0,0.0,1.0,-0.0,1.0,-0.0,1.0,1.0118827148970402,-1.1102230246251565e-14,1.1882714897039959,True
20261249,statistical,27,3.3,5,0,1,ideal,0,0,0,True,0.0001012927688979949,9.999999999999999e-05,1.366864149871282,1.933135850128718,2.198939620249675,0.0008364638553782582,0.680902457731912,0.6809259899218565,-0.0,1.0,0.0,1.0,0.0,1.0,0.0,1.0,-0.0,1.0,0.0,1.0,1.012927688979949,-1.1102230246251565e-14,1.2927688979948782,True
20261250,statistical,27,3.3,5,0,1,ideal,0,0,0,True,0.0001013860338079055,9.999999999999999e-05,1.302981852763506,1.997018147236495,2.198863544818288,0.0008369301799275714,0.6347408007220313,0.634763694321652,0.0,1.0,0.0,1.0,-0.0,1.0,-0.0,1.0,0.0,1.0,0.0,1.0,1.0138603380790552,-1.1102230246251565e-14,1.3860338079054957,True
20261251,statistical,27,3.3,5,0,1,ideal,0,0,0,True,0.0001012421169316759,9.999999999999999e-05,1.380402650614751,1.91959734938525,2.198980964205232,0.0008362105955470227,0.6933626762739378,0.6933865583004131,-0.0,1.0,-0.0,1.0,-0.0,1.0,-0.0,1.0,-0.0,1.0,0.0,1.0,1.012421169316759,-1.1102230246251565e-14,1.242116931675885,True
20261252,statistical,27,3.3,5,0,1,ideal,0,0,0,True,0.0001011656705644305,9.999999999999999e-05,1.409643844086703,1.890356155913297,2.199043399261244,0.0008358283637111556,0.718419596587483,0.7184440069718281,-0.0,1.0,0.0,1.0,-0.0,1.0,0.0,1.0,-0.0,1.0,-0.0,1.0,1.011656705644305,-1.1102230246251565e-14,1.1656705644305099,True
20261253,statistical,27,3.3,5,0,1,ideal,0,0,0,True,0.0001011870817156292,9.999999999999999e-05,1.403248378151129,1.896751621848872,2.199025907943628,0.0008359354194673887,0.7203809550609608,0.7204052183811908,-0.0,1.0,-0.0,1.0,-0.0,1.0,0.0,1.0,-0.0,1.0,0.0,1.0,1.011870817156292,-1.1102230246251565e-14,1.1870817156292013,True
20261254,statistical,27,3.3,5,0,1,ideal,0,0,0,True,0.0001011053018833009,9.999999999999999e-05,1.433223851424094,1.866776148575906,2.199092734702542,0.0008355265203047885,0.7511312505261142,0.7511560818457278,0.0,1.0,-0.0,1.0,0.0,1.0,0.0,1.0,-0.0,1.0,-0.0,1.0,1.0110530188330091,-1.1102230246251565e-14,1.105301883300891,True
20261255,statistical,27,3.3,5,0,1,ideal,0,0,0,True,0.000101232334605136,9.999999999999999e-05,1.392394370733806,1.907605629266194,2.198988951128881,0.0008361616839151621,0.7050740502375709,0.7050979991935693,-0.0,1.0,0.0,1.0,0.0,1.0,0.0,1.0,-0.0,1.0,0.0,1.0,1.01232334605136,-1.1102230246251565e-14,1.2323346051359874,True
20261256,statistical,27,3.3,5,0,1,ideal,0,0,0,True,0.0001012471771884228,9.999999999999999e-05,1.370017943401164,1.929982056598836,2.198976832968855,0.000836235896830278,0.6912041087770275,0.6912279584790735,0.0,1.0,-0.0,1.0,-0.0,1.0,0.0,1.0,-0.0,1.0,0.0,1.0,1.0124717718842282,-1.1102230246251565e-14,1.247177188422799,True
20261257,statistical,27,3.3,5,0,1,ideal,0,0,0,True,0.000101207241938276,9.999999999999999e-05,1.406368969599349,1.893631030400651,2.19900944171729,0.0008360362205797839,0.7112426422643155,0.711266762796294,-0.0,1.0,0.0,1.0,0.0,1.0,0.0,1.0,-0.0,1.0,0.0,1.0,1.01207241938276,-1.1102230246251565e-14,1.2072419382759936,True
20261258,statistical,27,3.3,5,0,1,ideal,0,0,0,True,0.0001011650084598727,9.999999999999999e-05,1.417340487798637,1.882659512201363,2.199043940206799,0.0008358250531874073,0.7436183548349501,0.7436427733499464,-0.0,1.0,-0.0,1.0,0.0,1.0,0.0,1.0,-0.0,1.0,-0.0,1.0,1.011650084598727,-1.1102230246251565e-14,1.1650084598727073,True
20261259,statistical,27,3.3,5,0,1,ideal,0,0,0,True,0.0001012155465561938,9.999999999999999e-05,1.393094836052733,1.906905163947267,2.19900265966592,0.000836077743669133,0.7043408565631158,0.7043649226323991,0.0,1.0,-0.0,1.0,-0.0,1.0,0.0,1.0,-0.0,1.0,-0.0,1.0,1.012155465561938,-1.1102230246251565e-14,1.2155465561938028,True
