time_s,pwm_v,pwm_b_v,bias_v,gate_v,led_k_v,led_branch_current_A
0.0005145,0,3.29999998,1.37222786,-1.55563121e-08,3.08294213,7.78906827e-09
0.000514500196,0.0647610805,3.30587213,1.37242712,0.000309181582,3.08294335,-6.41827553e-09
0.000514500589,0.194283241,3.30962807,1.37268041,0.000493100542,3.08294331,2.57410127e-09
0.000514500828,0.273308222,3.30868675,1.37272936,0.000429816236,3.08294347,-3.86535973e-10
0.000514501083,0.357396114,3.30915644,1.37275631,0.000446826014,3.08294359,-1.48246976e-10
0.000514501375,0.453607395,3.30945569,1.37277474,0.000450940263,3.0829437,4.49328431e-11
0.000514501774,0.585311005,3.30995235,1.37278911,0.000505333358,3.082944,-1.14622937e-09
0.00051450208,0.686358559,3.30998751,1.37271321,0.000798679773,3.08294481,-6.67466368e-09
0.000514502322,0.766359824,3.30821126,1.37217319,0.00163906748,3.08294682,-2.16620253e-08
0.000514502518,0.830806795,3.30304733,1.37067832,0.00314577003,3.08294998,-4.14499876e-08
0.000514502733,0.90191913,3.29094068,1.36698129,0.00614774915,3.08295577,-7.25572036e-08
0.000514502982,0.984124825,3.26677607,1.35946819,0.0115675824,3.08296503,-1.05598683e-07
0.000514503345,1.1037773,3.21011784,1.3426793,0.0227883464,3.08298285,-1.47926916e-07
0.000514503628,1.19729952,3.14465308,1.32543694,0.0338989559,3.08299964,-1.73397764e-07
0.000514503854,1.27184682,3.0736663,1.30956918,0.0440806484,3.08301498,-1.9612654e-07
0.000514504035,1.33165503,2.99825424,1.29563856,0.0531311103,3.08302847,-2.1341592e-07
0.000514504155,1.37115567,2.93404387,1.28590093,0.0595620242,3.08303814,-2.27286973e-07
0.000514504251,1.40295378,2.86827221,1.27777274,0.0650104673,3.0830462,-2.36633967e-07
0.000514504324,1.42687222,2.80470819,1.27149589,0.069248381,3.08305244,-2.43168939e-07
0.000514504392,1.44935349,2.72634911,1.26547109,0.0733173201,3.08305831,-2.47043147e-07
0.000514504468,1.47427906,2.60891157,1.2586527,0.077993851,3.08306553,-2.61086677e-07
0.000514504537,1.49719139,2.46872776,1.25227268,0.082705251,3.08307383,-2.95661206e-07
0.000514504615,1.52303701,2.2710486,1.24500637,0.0889416843,3.08308561,-3.57611675e-07
0.000514504689,1.54746359,2.04557287,1.23817022,0.0962717379,3.08310067,-4.54745881e-07
0.000514504816,1.58939035,1.57501321,1.22708676,0.114633094,3.08314001,-7.31109818e-07
0.000514504908,1.61974045,1.16834776,1.22017145,0.135432873,3.08318863,-1.12526065e-06
0.000514504936,1.62891915,1.03152254,1.2183859,0.143808157,3.08321131,-1.34603425e-06
0.000514504968,1.63942461,0.86074088,1.21661707,0.155575262,3.08324476,-1.68811072e-06
0.000514504993,1.64769229,0.71134688,1.21548624,0.166450176,3.08326952,-1.88077921e-06
0.000514505014,1.65472656,0.574371087,1.21473938,0.176555151,3.08329058,-2.02046008e-06
0.000514505034,1.66108123,0.462440663,1.21424815,0.185942994,3.08330265,-1.99992263e-06
0.000514505057,1.66866808,0.356533178,1.21388632,0.19723769,3.08332099,-2.05141169e-06
0.00051450508,1.67638159,0.278417632,1.21375737,0.208758276,3.08333547,-2.01913003e-06
0.000514505106,1.68499456,0.219840087,1.21387997,0.221604616,3.08335486,-2.04766205e-06
0.000514505136,1.69480223,0.179030617,1.21433506,0.236116796,3.08337251,-1.99410451e-06
0.000514505173,1.70698627,0.150976102,1.21531752,0.253852515,3.08339706,-1.98764011e-06
0.000514505208,1.71871006,0.136354267,1.21664327,0.270538298,3.08341694,-1.91581546e-06
0.000514505254,1.73372409,0.124855164,1.21878926,0.29132222,3.08344506,-1.89182074e-06
0.000514505306,1.75087918,0.115628494,1.22173061,0.314280098,3.08347344,-1.80836318e-06
0.000514505385,1.77694889,0.104141794,1.22689161,0.347680713,3.08351914,-1.76659387e-06
0.000514505495,1.81329989,0.0903059206,1.2348617,0.39160338,3.08357892,-1.67787848e-06
0.000514505654,1.8659777,0.0732191092,1.24672343,0.450641622,3.08367144,-1.70195571e-06
0.000514505816,1.9191193,0.0588637715,1.25796783,0.505443827,3.08377512,-1.84319044e-06
0.000514506029,1.98973086,0.0433027567,1.27059147,0.571646335,3.08396049,-2.44499847e-06
0.000514506247,2.06151816,0.0308256774,1.28012527,0.630994937,3.08423459,-3.52900256e-06
0.00051450648,2.13837496,0.0205294171,1.28643009,0.686246778,3.08460528,-4.56422121e-06
0.000514506754,2.22895193,0.0118876506,1.2892024,0.743916486,3.08505193,-4.79950488e-06
0.000514506991,2.30705051,0.00712694953,1.2885047,0.790611789,3.08534567,-3.79224064e-06
0.000514507294,2.40693629,0.00410091125,1.28535342,0.849462797,3.0854456,-9.40783416e-07
0.000514507506,2.47711279,0.00336841718,1.28260156,0.891045412,3.08522841,2.37368576e-06
0.000514507739,2.55394789,0.00306429668,1.2801471,0.936671071,3.08463538,6.9165316e-06
0.000514507927,2.61577112,0.00295401481,1.2791443,0.973054178,3.08382323,1.14922789e-05
0.000514508156,2.69151835,0.00284141502,1.27958604,1.01644791,3.0823854,1.76344675e-05
0.000514508416,2.77726276,0.0027375909,1.28237754,1.06311683,3.08010379,2.54302383e-05
0.000514508677,2.86333402,0.00263464968,1.28730153,1.10659531,3.07711061,3.34181884e-05
0.000514508962,2.95740818,0.00253479117,1.29444121,1.14969643,3.07301832,4.23314699e-05
0.000514509312,3.07299913,0.00241904537,1.30463866,1.19600432,3.06689265,5.26250019e-05
0.000514509656,3.18649957,0.00231959542,1.31517235,1.23441571,3.05978007,6.20204232e-05
0.00051451,3.3,0.00222838191,1.32541043,1.26625109,3.0517293,7.01338081e-05
0.000514510007,3.3,0.00154899823,1.32554968,1.26676996,3.05154496,7.06001916e-05
0.00051451002,3.3,0.000617899833,1.32583322,1.26780291,3.05120649,7.0914686e-05
0.000514510048,3.3,9.23332339e-05,1.32642783,1.26983147,3.0505301,7.14563042e-05
0.000514510102,3.3,5.91187968e-05,1.32770192,1.27373575,3.04915998,7.25868471e-05
0.00051451017,3.3,6.45719639e-05,1.32942049,1.27840518,3.0474061,7.38741871e-05
0.000514510308,3.3,5.33725727e-05,1.3329664,1.28697104,3.04382181,7.63041271e-05
0.000514510576,3.3,4.63067233e-05,1.33954227,1.30129186,3.03658371,8.03053926e-05
0.000514510825,3.3,3.64747937e-05,1.34483867,1.31230378,3.02958652,8.34540357e-05
0.000514511171,3.3,3.04008961e-05,1.35076706,1.3247091,3.01957276,8.69887356e-05
0.000514511506,3.3,2.25541843e-05,1.35523033,1.3342068,3.00954673,8.97734817e-05
0.000514511948,3.3,1.78406505e-05,1.35966172,1.34380123,2.99601619,9.25630093e-05
0.000514512368,3.3,1.2247627e-05,1.36273468,1.35056171,2.98288792,9.45885553e-05
0.00051451289,3.3,9.4766254e-06,1.36547576,1.35666515,2.96633404,9.63780863e-05
0.000514513407,3.3,5.79854217e-06,1.36735478,1.36089249,2.94974321,9.7664559e-05
0.000514514046,3.3,4.4613403e-06,1.36891396,1.36442642,2.92911897,9.86928331e-05
0.00051451471,3.3,2.1617424e-06,1.36994282,1.36677249,2.90761857,9.94146772e-05
0.000514515532,3.3,1.81008752e-06,1.37071251,1.36853484,2.88097907,9.99061202e-05
0.000514516429,3.3,4.35668526e-07,1.37117667,1.36960071,2.85197146,0.000100235395
0.000514517566,3.3,6.77982627e-07,1.3714728,1.3702826,2.81542676,0.000100392009
0.000514518889,3.3,-1.67188593e-07,1.37162083,1.37062492,2.77319996,0.000100491831
0.000514520656,3.3,3.46892521e-07,1.37169206,1.37079071,2.71740002,0.000100477447
0.000514522937,3.3,-2.74426488e-07,1.3717174,1.37085152,2.64642016,0.000100470745
0.0005145264,3.3,3.04370285e-07,1.37173118,1.37088801,2.5414255,0.000100382564
0.000514530116,3.3,-2.55465933e-07,1.37175204,1.37094695,2.43450121,0.000100356482
0.000514532554,3.3,3.26163948e-07,1.37178087,1.37102944,2.37018753,0.00010032535
0.000514534834,3.3,-1.95164127e-07,1.37182868,1.37116455,2.31778812,0.000100379396
0.000514537554,3.3,3.65929915e-07,1.37191474,1.37140342,2.26929981,0.000100434536
0.000514540572,3.3,-1.63359325e-07,1.37202563,1.37170247,2.23453877,0.000100570462
0.000514543564,3.3,3.20809211e-07,1.37211662,1.37194146,2.21584883,0.000100634496
0.000514546271,3.3,-2.07578412e-07,1.37216912,1.37207739,2.20739225,0.000100709916
0.000514549679,3.3,2.67056548e-07,1.37220399,1.37216694,2.20246347,0.000100717763
0.000514552966,3.3,-2.27119803e-07,1.37221827,1.37220338,2.20059483,0.000100756112
0.000514557583,3.3,2.46727845e-07,1.37222549,1.37222181,2.19966266,0.000100737779
0.000514563072,3.3,-2.27246306e-07,1.37222748,1.37222688,2.19941028,0.00010076468
0.000514572067,3.3,2.41229083e-07,1.37222793,1.37222805,2.19937537,0.000100740084
0.000514585235,3.3,-2.25019845e-07,1.37222782,1.37222774,2.19938212,0.000100764985
0.00051461157,3.3,2.39728523e-07,1.37222787,1.37222791,2.19938156,0.000100740039
0.00051466424,3.3,-2.24284262e-07,1.37222783,1.37222776,2.19938147,0.000100764994
0.000514769579,3.3,2.39345871e-07,1.37222787,1.3722279,2.1993818,0.000100740036
