vf_v,supply_v,temperature_c,corner,enable,name,duty,measured_duty,average_current_uA,peak_branch_current_uA,minimum_branch_current_uA,on_plateau_current_uA,on_led_vf_v,on_vds_v,spice_samples,maxstep_ns,frames_measured
2.8,5.0,27,typical,1,duty_000,0,0.0,3.6092941100000008e-06,3.60929411e-06,3.60929411e-06,,,,7712,200.0,4
2.8,5.0,27,typical,1,duty_001,1,0.003906250000000095,0.39494314517379125,103.648567,-2.23557799,101.305415,2.80106598,2.19893402,8849,200.0,4
2.8,5.0,27,typical,1,duty_064,64,0.25000000000000017,25.32413710570606,103.62657200000001,-2.23816884,101.305331,2.80106624,2.19893376,8852,200.0,4
2.8,5.0,27,typical,1,duty_128,128,0.5000000000000003,50.649031794969375,103.593875,-2.2395375900000003,101.30575,2.80106626,2.19893374,8845,200.0,4
2.8,5.0,27,typical,1,duty_192,192,0.7500000000000003,75.97392413687061,103.517517,-2.23957704,101.305257,2.80106623,2.19893377,8855,200.0,4
2.8,5.0,27,typical,1,duty_255,255,0.9960937500000001,100.90309797038152,103.189116,-2.26704054,101.292697,2.80106596,2.19893404,8827,200.0,4
2.8,5.0,27,typical,1,duty_256,256,1.0,101.2995936994115,101.305053,101.294134,101.299594,2.80106595,2.19893405,7799,200.0,4
2.8,5.0,27,typical,0,disabled,128,0.0,3.6092941100000008e-06,3.60929411e-06,3.60929411e-06,,,,7712,200.0,4
2.4,5.0,27,typical,1,vf_2.4,256,1.0,101.79006079463858,101.79496400000001,101.785158,101.790061,2.4014654,2.5985346,7801,200.0,4
3.2,5.0,27,typical,1,vf_3.2,256,1.0,100.73380798189757,100.740544,100.72707199999999,100.73380800000001,3.2006029199999997,1.79939708,7799,200.0,4
2.8,2.9,27,typical,1,headroom_2.9,256,1.0,49.387353038152,49.3929306,49.381775499999996,49.3873531,2.7427271949999996,0.15727280500000002,7806,200.0,4
2.8,3.0,27,typical,1,headroom_3.0,256,1.0,66.51286949100401,66.5214103,66.5043287,66.51286955,2.7666835130000003,0.23331648700000002,7804,200.0,4
2.8,3.3,27,typical,1,headroom_3.3,256,1.0,94.87433067618488,94.8804347,94.8682266,94.8743307,2.7956599619999998,0.504340038,7800,200.0,4
2.8,5.0,27,ff,1,corner_ff,256,1.0,101.69826755353373,101.704535,101.69200000000001,101.6982675,2.801390665,2.198609335,7799,200.0,4
2.8,5.0,27,ss,1,corner_ss,256,1.0,100.94863862855452,100.954575,100.942702,100.9486385,2.800779105,2.199220895,7802,200.0,4
2.8,5.0,0,typical,1,temp_0,256,1.0,101.34292582054492,101.350319,101.335533,101.34292549999999,2.790123275,2.209876725,7801,200.0,4
2.8,5.0,85,typical,1,temp_85,256,1.0,101.22158457274297,101.22753,101.215639,101.22158499999999,2.822507665,2.177492335,7797,200.0,4
2.8,5.0,27,typical,1,convergence_001,1,0.003906250000000095,0.39494336179244516,103.64777299999999,-2.23746947,101.305859,2.80106626,2.19893374,78117,20.0,4
2.8,5.0,27,typical,1,convergence_064,64,0.25000000000000017,25.324137153038023,103.625175,-2.23880044,101.305148,2.80106623,2.19893377,78117,20.0,4
