LED_load_charge_c,PWM_above_live_logic_max_v,PWM_below_ground_min_v,PWM_voltage_50pct_fall_s,PWM_voltage_50pct_rise_s,bias_above_reference_rail_max_v,command_low_peak_LED_branch_current_uA,current_uA,decap_f,duty,energies_j,envelope,extrema,fall_70_30_ns,fall_edges_in_window,frame_average_currents_uA,high_pulse_min_ns,led_start_s,left_s,logic_start_s,low_pulse_min_ns,maxstep_ns,measurement_duration_s,measurement_window_s,minimum_LED_branch_current_uA,minimum_reference_B_source_power_absorbed_uW,name,neighbor_fraction_override,observed_endpoints,peak_LED_branch_current_uA,powers_uW,reference,reference_B_source_active_delivery_energy_j,reference_start_s,right_s,rise_30_70_ns,rise_edges_in_window,rled_ohm,rlogic_ohm,stop_s,trace,view
1.7628476154566765e-09,0.05240672498381228,-0.01671772504816603,[],[2.501006052633671e-06],1.372349818058899,1.921964457499078,88.14238077283382,,256,"{""LED_decap_stored_energy_change_j"": 0.0, ""LED_load_absorbed_j"": 8.813835954639749e-09, ""LED_series_R_loss_j"": 0.0, ""LED_source_generated_j"": 8.813835954639749e-09, ""input_stimulus_generated_j"": 3.644445780979032e-14, ""logic_decap_stored_energy_change_j"": 0.0, ""logic_joint_load_absorbed_j"": 7.218579825795817e-13, ""logic_series_R_loss_j"": 0.0, ""logic_source_generated_j"": 6.2542218579825805e-09, ""neighbor_stimulus_generated_j"": 0.0, ""reference_B_source_absorbed_j"": 3.516521926219104e-09, ""reference_rail_absorbed_j"": 6.253499999999999e-09}",tt,"{""v(bias)"": {""max"": 1.382656036183902, ""min"": -3.65568047811666e-24}, ""v(gate)"": {""max"": 1.372233641218972, ""min"": -0.0003737873846014823}, ""v(led_a)"": {""max"": 5.0, ""min"": 0.0}, ""v(led_k)"": {""max"": 4.925109710807764, ""min"": -3.758011732929547e-18}, ""v(logic_rail)"": {""max"": 3.3, ""min"": 0.0}, ""v(pwm)"": {""max"": 3.306453090784741, ""min"": -0.01671772504816603}}",,0,[],,1e-06,0,1e-06,,2,2e-05,"[0, 2e-05]",-15.311277966759551,-137.23498180588993,simultaneous_ideal_early,,"{""v(bias)"": {""end_v"": 1.372349802924201, ""start_v"": -3.65568047811666e-24}, ""v(gate)"": {""end_v"": 1.372233634981419, ""start_v"": 8.895492788517525e-25}, ""v(led_k)"": {""end_v"": 2.199381374886142, ""start_v"": -3.758011732929547e-18}, ""v(pwm)"": {""end_v"": 3.299999968329301, ""start_v"": 1.072680687466198e-36}}",100.7530413991588,"{""LED_decap_stored_energy_change_j"": 0.0, ""LED_load_absorbed_j"": 440.6917977319874, ""LED_series_R_loss_j"": 0.0, ""LED_source_generated_j"": 440.6917977319874, ""input_stimulus_generated_j"": 0.0018222228904895158, ""logic_decap_stored_energy_change_j"": 0.0, ""logic_joint_load_absorbed_j"": 0.03609289912897908, ""logic_series_R_loss_j"": 0.0, ""logic_source_generated_j"": 312.711092899129, ""neighbor_stimulus_generated_j"": 0.0, ""reference_B_source_absorbed_j"": 175.8260963109552, ""reference_rail_absorbed_j"": 312.6749999999999}",ideal,1.3245020672964622e-10,0,2e-05,0.2714172378957613,1,,,2e-05,,post
1.7628476154931806e-09,0.006453057533555295,-0.01671827163380845,[],[2.5010060526379134e-06],5.140769659476892e-15,1.919840538716521,88.14238077465902,,256,"{""LED_decap_stored_energy_change_j"": 0.0, ""LED_load_absorbed_j"": 8.813834154743933e-09, ""LED_series_R_loss_j"": 0.0, ""LED_source_generated_j"": 8.813834154743933e-09, ""input_stimulus_generated_j"": 3.644446530977221e-14, ""logic_decap_stored_energy_change_j"": 0.0, ""logic_joint_load_absorbed_j"": 7.191067356260649e-13, ""logic_series_R_loss_j"": 0.0, ""logic_source_generated_j"": 6.188219106735627e-09, ""neighbor_stimulus_generated_j"": 0.0, ""reference_B_source_absorbed_j"": 3.6152023522413054e-09, ""reference_rail_absorbed_j"": 6.187499999999999e-09}",tt,"{""v(bias)"": {""max"": 1.382656082221956, ""min"": -4.636155758317401e-15}, ""v(gate)"": {""max"": 1.372233641398688, ""min"": -0.0003737846906527816}, ""v(led_a)"": {""max"": 5.0, ""min"": 0.0}, ""v(led_k)"": {""max"": 4.925109717939493, ""min"": -7.3913813247392e-17}, ""v(logic_rail)"": {""max"": 3.3, ""min"": 0.0}, ""v(pwm)"": {""max"": 3.306453057533555, ""min"": -0.01671827163380845}}",,0,[],,1e-06,0,1e-06,,2,2e-05,"[0, 2e-05]",-15.311074646607718,-0.0,simultaneous_ideal_late,,"{""v(bias)"": {""end_v"": 1.372349802908296, ""start_v"": -3.65568047811666e-24}, ""v(gate)"": {""end_v"": 1.372233634955357, ""start_v"": 8.895492788517525e-25}, ""v(led_k)"": {""end_v"": 2.199381374881411, ""start_v"": -3.758011732929547e-18}, ""v(pwm)"": {""end_v"": 3.299999968147834, ""start_v"": 1.072680687466198e-36}}",100.7530374951705,"{""LED_decap_stored_energy_change_j"": 0.0, ""LED_load_absorbed_j"": 440.6917077371966, ""LED_series_R_loss_j"": 0.0, ""LED_source_generated_j"": 440.6917077371966, ""input_stimulus_generated_j"": 0.0018222232654886102, ""logic_decap_stored_energy_change_j"": 0.0, ""logic_joint_load_absorbed_j"": 0.03595533678130324, ""logic_series_R_loss_j"": 0.0, ""logic_source_generated_j"": 309.4109553367813, ""neighbor_stimulus_generated_j"": 0.0, ""reference_B_source_absorbed_j"": 180.76011761206527, ""reference_rail_absorbed_j"": 309.37499999999994}",ideal,-0.0,1.2e-06,2e-05,0.2714172202944166,1,,,2e-05,,post
1.762896102062367e-09,0.006453859294554221,-0.0167174580402916,[],[2.501006053148359e-06],5.911848028992758e-15,1.919584376114445,88.14480510311834,,256,"{""LED_decap_stored_energy_change_j"": 0.0, ""LED_load_absorbed_j"": 8.814077754461153e-09, ""LED_series_R_loss_j"": 0.0, ""LED_source_generated_j"": 8.814077754461153e-09, ""input_stimulus_generated_j"": 3.6444463279410795e-14, ""logic_decap_stored_energy_change_j"": 0.0, ""logic_joint_load_absorbed_j"": 7.210350073048785e-13, ""logic_series_R_loss_j"": 0.0, ""logic_source_generated_j"": 6.250103972187752e-09, ""neighbor_stimulus_generated_j"": 0.0, ""reference_B_source_absorbed_j"": 3.6490069324832576e-09, ""reference_rail_absorbed_j"": 6.249382937180447e-09}",tt,"{""v(bias)"": {""max"": 1.382665214591318, ""min"": -3.673417765232597e-15}, ""v(gate)"": {""max"": 1.372243755902446, ""min"": -0.0003737923132833637}, ""v(led_a)"": {""max"": 5.0, ""min"": 0.0}, ""v(led_k)"": {""max"": 4.92511039099113, ""min"": -6.907178650278871e-17}, ""v(logic_rail)"": {""max"": 3.3, ""min"": 0.0}, ""v(pwm)"": {""max"": 3.306453859294554, ""min"": -0.0167174580402916}}",,0,[],,1e-06,0,1e-06,,2,2e-05,"[0, 2e-05]",-15.31584994505772,-9.267105718661621e-42,simultaneous_compliant_early,,"{""v(bias)"": {""end_v"": 1.372359920874091, ""start_v"": -3.65568047811666e-24}, ""v(gate)"": {""end_v"": 1.372243749730506, ""start_v"": 8.895492788517525e-25}, ""v(led_k)"": {""end_v"": 2.199379105506383, ""start_v"": -3.758011732929547e-18}, ""v(pwm)"": {""end_v"": 3.299999968397826, ""start_v"": 1.072680687466198e-36}}",100.7558089587803,"{""LED_decap_stored_energy_change_j"": 0.0, ""LED_load_absorbed_j"": 440.7038877230576, ""LED_series_R_loss_j"": 0.0, ""LED_source_generated_j"": 440.7038877230576, ""input_stimulus_generated_j"": 0.0018222231639705396, ""logic_decap_stored_energy_change_j"": 0.0, ""logic_joint_load_absorbed_j"": 0.03605175036524392, ""logic_series_R_loss_j"": 0.0, ""logic_source_generated_j"": 312.5051986093876, ""neighbor_stimulus_generated_j"": 0.0, ""reference_B_source_absorbed_j"": 182.45034662416288, ""reference_rail_absorbed_j"": 312.4691468590224}",compliant,2.5456470330907354e-46,0,2e-05,0.2714171934328843,1,,,2e-05,,post
1.2082306071652317e-09,0.05240672498381228,-0.01671765467021821,[],[2.5010060728989525e-06],1.372349818058899,0.05015985251331922,60.41153035826158,,256,"{""LED_decap_stored_energy_change_j"": 0.0, ""LED_load_absorbed_j"": 6.019725388695866e-09, ""LED_series_R_loss_j"": 0.0, ""LED_source_generated_j"": 6.019725388695867e-09, ""input_stimulus_generated_j"": 3.6444409268869824e-14, ""logic_decap_stored_energy_change_j"": 0.0, ""logic_joint_load_absorbed_j"": 7.177630390005344e-13, ""logic_series_R_loss_j"": 0.0, ""logic_source_generated_j"": 6.254217763039001e-09, ""neighbor_stimulus_generated_j"": 0.0, ""reference_B_source_absorbed_j"": 3.5165132810710178e-09, ""reference_rail_absorbed_j"": 6.2534999999999995e-09}",tt,"{""v(bias)"": {""max"": 1.382646024322473, ""min"": -3.65568047811666e-24}, ""v(gate)"": {""max"": 1.394109374008851, ""min"": -0.0003691355067459554}, ""v(led_a)"": {""max"": 5.0, ""min"": 0.0}, ""v(led_k)"": {""max"": 2.199381411374226, ""min"": -4.753296842505238e-10}, ""v(logic_rail)"": {""max"": 3.3, ""min"": 0.0}, ""v(pwm)"": {""max"": 3.305919987971306, ""min"": -0.01671765467021821}}",,0,[],,8e-06,0,1e-06,,2,2e-05,"[0, 2e-05]",-23.82269247653565,-137.23498180588993,logic_first_ideal_early,,"{""v(bias)"": {""end_v"": 1.372349803665865, ""start_v"": -3.65568047811666e-24}, ""v(gate)"": {""end_v"": 1.372233636936676, ""start_v"": 8.895492788517525e-25}, ""v(led_k)"": {""end_v"": 2.199381384427186, ""start_v"": -3.758011732929547e-18}, ""v(pwm)"": {""end_v"": 3.299999974365357, ""start_v"": 1.072680687466198e-36}}",103.28999713833119,"{""LED_decap_stored_energy_change_j"": 0.0, ""LED_load_absorbed_j"": 300.98626943479326, ""LED_series_R_loss_j"": 0.0, ""LED_source_generated_j"": 300.9862694347933, ""input_stimulus_generated_j"": 0.0018222204634434909, ""logic_decap_stored_energy_change_j"": 0.0, ""logic_joint_load_absorbed_j"": 0.03588815195002672, ""logic_series_R_loss_j"": 0.0, ""logic_source_generated_j"": 312.71088815195003, ""neighbor_stimulus_generated_j"": 0.0, ""reference_B_source_absorbed_j"": 175.82566405355087, ""reference_rail_absorbed_j"": 312.67499999999995}",ideal,1.3245005154529682e-10,0,2e-05,0.27145745942297417,1,,,2e-05,,post
1.2082306062873172e-09,0.005913884797790203,-0.01671741916505632,[],[2.501006073197498e-06],5.140769659476892e-15,0.05048805550590544,60.411530314365855,,256,"{""LED_decap_stored_energy_change_j"": 0.0, ""LED_load_absorbed_j"": 6.0197253869834044e-09, ""LED_series_R_loss_j"": 0.0, ""LED_source_generated_j"": 6.0197253869834044e-09, ""input_stimulus_generated_j"": 3.644439980366842e-14, ""logic_decap_stored_energy_change_j"": 0.0, ""logic_joint_load_absorbed_j"": 7.149989362400997e-13, ""logic_series_R_loss_j"": 0.0, ""logic_source_generated_j"": 6.18821499893624e-09, ""neighbor_stimulus_generated_j"": 0.0, ""reference_B_source_absorbed_j"": 3.6151942482705832e-09, ""reference_rail_absorbed_j"": 6.187499999999999e-09}",tt,"{""v(bias)"": {""max"": 1.382645494458309, ""min"": -4.636155758317401e-15}, ""v(gate)"": {""max"": 1.394106420716957, ""min"": -0.000369140029607954}, ""v(led_a)"": {""max"": 5.0, ""min"": 0.0}, ""v(led_k)"": {""max"": 2.1993814113586, ""min"": -7.788166648368685e-10}, ""v(logic_rail)"": {""max"": 3.3, ""min"": 0.0}, ""v(pwm)"": {""max"": 3.30591388479779, ""min"": -0.01671741916505632}}",,0,[],,8e-06,0,1e-06,,2,2e-05,"[0, 2e-05]",-23.82278964186757,-0.0,logic_first_ideal_late,,"{""v(bias)"": {""end_v"": 1.372349803669078, ""start_v"": -3.65568047811666e-24}, ""v(gate)"": {""end_v"": 1.372233636938059, ""start_v"": 8.895492788517525e-25}, ""v(led_k)"": {""end_v"": 2.199381384420867, ""start_v"": -3.758011732929547e-18}, ""v(pwm)"": {""end_v"": 3.299999974358403, ""start_v"": 1.072680687466198e-36}}",103.29021253925501,"{""LED_decap_stored_energy_change_j"": 0.0, ""LED_load_absorbed_j"": 300.9862693491702, ""LED_series_R_loss_j"": 0.0, ""LED_source_generated_j"": 300.9862693491702, ""input_stimulus_generated_j"": 0.001822219990183421, ""logic_decap_stored_energy_change_j"": 0.0, ""logic_joint_load_absorbed_j"": 0.03574994681200498, ""logic_series_R_loss_j"": 0.0, ""logic_source_generated_j"": 309.41074994681196, ""neighbor_stimulus_generated_j"": 0.0, ""reference_B_source_absorbed_j"": 180.75971241352914, ""reference_rail_absorbed_j"": 309.37499999999994}",ideal,-0.0,1.2e-06,2e-05,0.2714548006979376,1,,,2e-05,,post
1.208263739334832e-09,0.005920652587223962,-0.01671769315552733,[],[2.5010060726925696e-06],5.911848028992758e-15,0.050120363482489466,60.4131869667416,,256,"{""LED_decap_stored_energy_change_j"": 0.0, ""LED_load_absorbed_j"": 6.019890647173758e-09, ""LED_series_R_loss_j"": 0.0, ""LED_source_generated_j"": 6.019890647173758e-09, ""input_stimulus_generated_j"": 3.644440585576993e-14, ""logic_decap_stored_energy_change_j"": 0.0, ""logic_joint_load_absorbed_j"": 7.169410948137391e-13, ""logic_series_R_loss_j"": 0.0, ""logic_source_generated_j"": 6.250100186741978e-09, ""neighbor_stimulus_generated_j"": 0.0, ""reference_B_source_absorbed_j"": 3.648998141253685e-09, ""reference_rail_absorbed_j"": 6.249383245647164e-09}",tt,"{""v(bias)"": {""max"": 1.382655301446124, ""min"": -3.673417765232597e-15}, ""v(gate)"": {""max"": 1.394117898201223, ""min"": -0.0003691343180750323}, ""v(led_a)"": {""max"": 5.0, ""min"": 0.0}, ""v(led_k)"": {""max"": 2.199379141966311, ""min"": -4.634185956695079e-10}, ""v(logic_rail)"": {""max"": 3.3, ""min"": 0.0}, ""v(pwm)"": {""max"": 3.305920652587224, ""min"": -0.01671769315552733}}",,0,[],,8e-06,0,1e-06,,2,2e-05,"[0, 2e-05]",-23.830192110965648,-9.267105718661621e-42,logic_first_compliant_early,,"{""v(bias)"": {""end_v"": 1.372359921615839, ""start_v"": -3.65568047811666e-24}, ""v(gate)"": {""end_v"": 1.372243751674239, ""start_v"": 8.895492788517525e-25}, ""v(led_k)"": {""end_v"": 2.19937911501985, ""start_v"": -3.758011732929547e-18}, ""v(pwm)"": {""end_v"": 3.299999974362229, ""start_v"": 1.072680687466198e-36}}",103.29267111032621,"{""LED_decap_stored_energy_change_j"": 0.0, ""LED_load_absorbed_j"": 300.99453235868793, ""LED_series_R_loss_j"": 0.0, ""LED_source_generated_j"": 300.99453235868793, ""input_stimulus_generated_j"": 0.0018222202927884964, ""logic_decap_stored_energy_change_j"": 0.0, ""logic_joint_load_absorbed_j"": 0.03584705474068695, ""logic_series_R_loss_j"": 0.0, ""logic_source_generated_j"": 312.5050093370989, ""neighbor_stimulus_generated_j"": 0.0, ""reference_B_source_absorbed_j"": 182.44990706268425, ""reference_rail_absorbed_j"": 312.4691622823582}",compliant,2.5456470330350068e-46,0,2e-05,0.2714573945902254,1,,,2e-05,,post
1.2016186367792873e-09,0.143683658621365,1.072680687466198e-36,[],[8.050276222650377e-06],1.372420969983746,2.015213350683942,60.080931838964354,,256,"{""LED_decap_stored_energy_change_j"": 0.0, ""LED_load_absorbed_j"": 6.007663372827608e-09, ""LED_series_R_loss_j"": 0.0, ""LED_source_generated_j"": 6.007663372827608e-09, ""input_stimulus_generated_j"": 2.484596947468878e-14, ""logic_decap_stored_energy_change_j"": 0.0, ""logic_joint_load_absorbed_j"": 2.5602100007612644e-13, ""logic_series_R_loss_j"": 0.0, ""logic_source_generated_j"": 3.943756021000076e-09, ""neighbor_stimulus_generated_j"": 0.0, ""reference_B_source_absorbed_j"": 1.2064866710248682e-09, ""reference_rail_absorbed_j"": 3.9435e-09}",tt,"{""v(bias)"": {""max"": 1.37301736191499, ""min"": -3.65568047811666e-24}, ""v(gate)"": {""max"": 1.372233671217018, ""min"": 8.895492788517525e-25}, ""v(led_a)"": {""max"": 5.0, ""min"": 0.0}, ""v(led_k)"": {""max"": 4.919534449445976, ""min"": -3.758011732929547e-18}, ""v(logic_rail)"": {""max"": 3.3, ""min"": 0.0}, ""v(pwm)"": {""max"": 3.299999989465018, ""min"": 1.072680687466198e-36}}",,0,[],,1e-06,0,8e-06,,2,2e-05,"[0, 2e-05]",-0.24123900391623274,-137.2420969983746,LED_first_ideal_early,,"{""v(bias)"": {""end_v"": 1.372349803350851, ""start_v"": -3.65568047811666e-24}, ""v(gate)"": {""end_v"": 1.372233635178383, ""start_v"": 8.895492788517525e-25}, ""v(led_k)"": {""end_v"": 2.199381380982169, ""start_v"": -3.758011732929547e-18}, ""v(pwm)"": {""end_v"": 3.29999996790648, ""start_v"": 1.072680687466198e-36}}",100.7530650418111,"{""LED_decap_stored_energy_change_j"": 0.0, ""LED_load_absorbed_j"": 300.3831686413804, ""LED_series_R_loss_j"": 0.0, ""LED_source_generated_j"": 300.3831686413804, ""input_stimulus_generated_j"": 0.0012422984737344388, ""logic_decap_stored_energy_change_j"": 0.0, ""logic_joint_load_absorbed_j"": 0.012801050003806321, ""logic_series_R_loss_j"": 0.0, ""logic_source_generated_j"": 197.1878010500038, ""neighbor_stimulus_generated_j"": 0.0, ""reference_B_source_absorbed_j"": 60.3243335512434, ""reference_rail_absorbed_j"": 197.17499999999998}",ideal,1.0930951144629023e-09,0,2e-05,35.84317541237647,1,,,2e-05,,post
1.1836338266019678e-09,0.09121876279596873,-2.990880250482968e-15,[],[8.05031814013587e-06],0.01645503078936794,2.012900926820653,59.18169133009838,,256,"{""LED_decap_stored_energy_change_j"": 0.0, ""LED_load_absorbed_j"": 5.917736835787603e-09, ""LED_series_R_loss_j"": 0.0, ""LED_source_generated_j"": 5.917736835787603e-09, ""input_stimulus_generated_j"": 2.484177851603625e-14, ""logic_decap_stored_energy_change_j"": 0.0, ""logic_joint_load_absorbed_j"": 2.408291639636056e-13, ""logic_series_R_loss_j"": 0.0, ""logic_source_generated_j"": 3.877740829163965e-09, ""neighbor_stimulus_generated_j"": 0.0, ""reference_B_source_absorbed_j"": 2.265789805935796e-09, ""reference_rail_absorbed_j"": 3.8775e-09}",tt,"{""v(bias)"": {""max"": 1.372349804652846, ""min"": -4.636155758317401e-15}, ""v(gate)"": {""max"": 1.372233636409403, ""min"": -7.7117424167344e-15}, ""v(led_a)"": {""max"": 5.0, ""min"": 0.0}, ""v(led_k)"": {""max"": 4.922138135941476, ""min"": -7.3913813247392e-17}, ""v(logic_rail)"": {""max"": 3.3, ""min"": 0.0}, ""v(pwm)"": {""max"": 3.301824776444856, ""min"": -2.990880250482968e-15}}",,0,[],,1e-06,0,8e-06,,2,2e-05,"[0, 2e-05]",-0.6744863383333077,-0.0,LED_first_ideal_late,,"{""v(bias)"": {""end_v"": 1.372349803406564, ""start_v"": -3.65568047811666e-24}, ""v(gate)"": {""end_v"": 1.37223363614028, ""start_v"": 8.895492788517525e-25}, ""v(led_k)"": {""end_v"": 2.199381375525391, ""start_v"": -3.758011732929547e-18}, ""v(pwm)"": {""end_v"": 3.299999974241948, ""start_v"": 1.072680687466198e-36}}",100.7529551130872,"{""LED_decap_stored_energy_change_j"": 0.0, ""LED_load_absorbed_j"": 295.88684178938007, ""LED_series_R_loss_j"": 0.0, ""LED_source_generated_j"": 295.88684178938007, ""input_stimulus_generated_j"": 0.0012420889258018125, ""logic_decap_stored_energy_change_j"": 0.0, ""logic_joint_load_absorbed_j"": 0.012041458198180277, ""logic_series_R_loss_j"": 0.0, ""logic_source_generated_j"": 193.88704145819824, ""neighbor_stimulus_generated_j"": 0.0, ""reference_B_source_absorbed_j"": 113.2894902967898, ""reference_rail_absorbed_j"": 193.875}",ideal,-0.0,8.2e-06,2e-05,35.58509652673195,1,,,2e-05,,post
1.2016498376796531e-09,0.09121876427296134,-1.418740405808092e-15,[],[8.05027166596185e-06],0.01645503085619271,2.012883577691142,60.082491883982655,,256,"{""LED_decap_stored_energy_change_j"": 0.0, ""LED_load_absorbed_j"": 6.007816891177018e-09, ""LED_series_R_loss_j"": 0.0, ""LED_source_generated_j"": 6.007816891177018e-09, ""input_stimulus_generated_j"": 2.4843082697078935e-14, ""logic_decap_stored_energy_change_j"": 0.0, ""logic_joint_load_absorbed_j"": 2.548825656376892e-13, ""logic_series_R_loss_j"": 0.0, ""logic_source_generated_j"": 3.9396196444339095e-09, ""neighbor_stimulus_generated_j"": 0.0, ""reference_B_source_absorbed_j"": 2.2995906987055857e-09, ""reference_rail_absorbed_j"": 3.939364761868271e-09}",tt,"{""v(bias)"": {""max"": 1.372565891050513, ""min"": -3.673417765232597e-15}, ""v(gate)"": {""max"": 1.372243758356229, ""min"": -5.101947207104783e-15}, ""v(led_a)"": {""max"": 5.0, ""min"": 0.0}, ""v(led_k)"": {""max"": 4.919783949596177, ""min"": -6.907178650278871e-17}, ""v(logic_rail)"": {""max"": 3.3, ""min"": 0.0}, ""v(pwm)"": {""max"": 3.300000003023829, ""min"": -1.418740405808092e-15}}",,0,[],,1e-06,0,8e-06,,2,2e-05,"[0, 2e-05]",-0.24386455229938322,-9.267105718661621e-42,LED_first_compliant_early,,"{""v(bias)"": {""end_v"": 1.372359921330257, ""start_v"": -3.65568047811666e-24}, ""v(gate)"": {""end_v"": 1.372243750006648, ""start_v"": 8.895492788517525e-25}, ""v(led_k)"": {""end_v"": 2.199379113811378, ""start_v"": -3.758011732929547e-18}, ""v(pwm)"": {""end_v"": 3.299999964117811, ""start_v"": 1.072680687466198e-36}}",100.7560633980233,"{""LED_decap_stored_energy_change_j"": 0.0, ""LED_load_absorbed_j"": 300.3908445588509, ""LED_series_R_loss_j"": 0.0, ""LED_source_generated_j"": 300.3908445588509, ""input_stimulus_generated_j"": 0.0012421541348539467, ""logic_decap_stored_energy_change_j"": 0.0, ""logic_joint_load_absorbed_j"": 0.012744128281884459, ""logic_series_R_loss_j"": 0.0, ""logic_source_generated_j"": 196.98098222169546, ""neighbor_stimulus_generated_j"": 0.0, ""reference_B_source_absorbed_j"": 114.97953493527928, ""reference_rail_absorbed_j"": 196.96823809341353}",compliant,3.8195241750323526e-23,0,2e-05,35.77203914195557,1,,,2e-05,,post
8.815132609719887e-09,0.02365691686154836,-0.01670606485146716,[2.050106503317393e-05],"[2.5010060534495535e-06, 3.0501006054253488e-05]",-1.91735101565928,109.3299272880301,88.15132609719888,,,"{""LED_decap_stored_energy_change_j"": 0.0, ""LED_load_absorbed_j"": 4.407566304859944e-08, ""LED_series_R_loss_j"": 0.0, ""LED_source_generated_j"": 4.407566304859944e-08, ""input_stimulus_generated_j"": 3.9172637242371376e-14, ""logic_decap_stored_energy_change_j"": 0.0, ""logic_joint_load_absorbed_j"": 1.4835558307766512e-12, ""logic_series_R_loss_j"": 0.0, ""logic_source_generated_j"": 3.300148355583078e-08, ""neighbor_stimulus_generated_j"": 0.0, ""reference_B_source_absorbed_j"": 1.9276665675246232e-08, ""reference_rail_absorbed_j"": 3.3000000000000004e-08}",tt,"{""v(bias)"": {""max"": 1.38264898434072, ""min"": 0.986591948705127}, ""v(gate)"": {""max"": 1.372990805019781, ""min"": -0.0003735888112201885}, ""v(led_a)"": {""max"": 5.0, ""min"": 5.0}, ""v(led_k)"": {""max"": 3.575610662011778, ""min"": 2.198769462891168}, ""v(logic_rail)"": {""max"": 3.3, ""min"": 3.3}, ""v(pwm)"": {""max"": 3.323656916861548, ""min"": -0.01670606485146716}}",0.14444269410312702,1,[],18000.058979724377,,0,,9999.941021079558,10,0.0001,"[0, 0.0001]",-15.62646819706623,191.735101565928,RTL_reset,,"{""v(bias)"": {""end_v"": 1.372349802372488, ""start_v"": 1.372349813443397}, ""v(gate)"": {""end_v"": 1.372233633526491, ""start_v"": 1.503833122999572e-11}, ""v(led_k)"": {""end_v"": 2.19938137616979, ""start_v"": 3.573812236826415}, ""v(pwm)"": {""end_v"": 3.299999964038683, ""start_v"": 1.052082769338498e-08}}",109.3299272880301,"{""LED_decap_stored_energy_change_j"": 0.0, ""LED_load_absorbed_j"": 440.7566304859944, ""LED_series_R_loss_j"": 0.0, ""LED_source_generated_j"": 440.7566304859944, ""input_stimulus_generated_j"": 0.00039172637242371373, ""logic_decap_stored_energy_change_j"": 0.0, ""logic_joint_load_absorbed_j"": 0.01483555830776651, ""logic_series_R_loss_j"": 0.0, ""logic_source_generated_j"": 330.01483555830777, ""neighbor_stimulus_generated_j"": 0.0, ""reference_B_source_absorbed_j"": 192.76665675246232, ""reference_rail_absorbed_j"": 330.00000000000006}",,-0.0,,0.0001,0.27141735909092946,2,,,0.0001,reset,post
3.440634226425238e-08,0.023656916669887007,-0.01670606485146716,[0.0002585010650331739],"[2.5010060534495535e-06, 0.0005145010060539519]",-1.91735101565928,109.329927318086,57.34390377375398,,,"{""LED_decap_stored_energy_change_j"": 0.0, ""LED_load_absorbed_j"": 1.7203171132126194e-07, ""LED_series_R_loss_j"": 0.0, ""LED_source_generated_j"": 1.7203171132126194e-07, ""input_stimulus_generated_j"": 3.917287561121571e-14, ""logic_decap_stored_energy_change_j"": 0.0, ""logic_joint_load_absorbed_j"": 1.5047782634541138e-12, ""logic_series_R_loss_j"": 0.0, ""logic_source_generated_j"": 1.9800150477826343e-07, ""neighbor_stimulus_generated_j"": 0.0, ""reference_B_source_absorbed_j"": 1.1565917575550965e-07, ""reference_rail_absorbed_j"": 1.9799999999999995e-07}",tt,"{""v(bias)"": {""max"": 1.38264898434072, ""min"": 0.9866396325983269}, ""v(gate)"": {""max"": 1.37299080498104, ""min"": -0.0003735888112201885}, ""v(led_a)"": {""max"": 5.0, ""min"": 5.0}, ""v(led_k)"": {""max"": 3.575610662011778, ""min"": 2.198769462890316}, ""v(logic_rail)"": {""max"": 3.3, ""min"": 3.3}, ""v(pwm)"": {""max"": 3.323656916669887, ""min"": -0.01670606485146716}}",0.1444426941336202,1,[],256000.05897972436,,0,,255999.94102077803,10,0.0006,"[0, 0.0006]",-15.58971056299194,191.735101565928,RTL_enable,,"{""v(bias)"": {""end_v"": 1.372349804367266, ""start_v"": 1.372349813443397}, ""v(gate)"": {""end_v"": 1.372233638501246, ""start_v"": 1.503833122999572e-11}, ""v(led_k)"": {""end_v"": 2.1993813751276, ""start_v"": 3.573812236826415}, ""v(pwm)"": {""end_v"": 3.299999983907696, ""start_v"": 1.052082769338498e-08}}",109.329927318086,"{""LED_decap_stored_energy_change_j"": 0.0, ""LED_load_absorbed_j"": 286.71951886876997, ""LED_series_R_loss_j"": 0.0, ""LED_source_generated_j"": 286.71951886876997, ""input_stimulus_generated_j"": 6.528812601869285e-05, ""logic_decap_stored_energy_change_j"": 0.0, ""logic_joint_load_absorbed_j"": 0.002507963772423523, ""logic_series_R_loss_j"": 0.0, ""logic_source_generated_j"": 330.0025079637724, ""neighbor_stimulus_generated_j"": 0.0, ""reference_B_source_absorbed_j"": 192.76529292584945, ""reference_rail_absorbed_j"": 329.99999999999994}",,-0.0,,0.0006,0.2714169196468483,2,,,0.0006,enable,post
2.009987395401474e-10,0.02365691229770528,-0.01670375491384288,"[3.5010650331739432e-06, 0.0002595010650331732, 0.0005155010650331728, 0.000771501065033173, 0.0010275010650331723]","[2.5010060534495544e-06, 0.00025850100605395184, 0.0005145010060539845, 0.0007705010060539479, 0.001026501006053991]",-1.9173517486146119,109.3299284937678,0.39257566316435033,1e-09,1,"{""LED_decap_stored_energy_change_j"": 0.0, ""LED_load_absorbed_j"": 1.0049936977007371e-09, ""LED_series_R_loss_j"": 0.0, ""LED_source_generated_j"": 1.0049936978463747e-09, ""input_stimulus_generated_j"": 5.457165122771068e-15, ""logic_decap_stored_energy_change_j"": 0.0, ""logic_joint_load_absorbed_j"": 2.0157752460621924e-12, ""logic_series_R_loss_j"": 0.0, ""logic_source_generated_j"": 1.689620157751564e-07, ""neighbor_stimulus_generated_j"": 0.0, ""reference_B_source_absorbed_j"": 9.869585570410081e-08, ""reference_rail_absorbed_j"": 1.6896e-07}",tt,"{""v(bias)"": {""max"": 1.382648251385388, ""min"": 0.9866395394549629}, ""v(gate)"": {""max"": 1.372990802914439, ""min"": -0.0003734791940548154}, ""v(led_a)"": {""max"": 5.0, ""min"": 5.0}, ""v(led_k)"": {""max"": 3.106338303321694, ""min"": 2.19876946274639}, ""v(logic_rail)"": {""max"": 3.3, ""min"": 3.3}, ""v(pwm)"": {""max"": 3.323656912297705, ""min"": -0.01670375491384288}}",0.14444269435046064,2,"[0.3925756631495853, 0.39257566317911535]",1000.058979188311,,,,254999.9410207751,10,0.0005120000000000001,"[0.0005145, 0.0010265]",-15.589847509890209,191.7351748614612,impedance_0_0_d1,,"{""v(bias)"": {""end_v"": 1.372349812751025, ""start_v"": 1.372349812749095}, ""v(gate)"": {""end_v"": 1.193363442788057e-09, ""start_v"": 1.193540482997495e-09}, ""v(led_k)"": {""end_v"": 3.104672854704325, ""start_v"": 3.104672854697454}, ""v(pwm)"": {""end_v"": -2.208538421792106e-09, ""start_v"": -2.207346714975368e-09}}",109.3299284937678,"{""LED_decap_stored_energy_change_j"": 0.0, ""LED_load_absorbed_j"": 1.962878315821752, ""LED_series_R_loss_j"": 0.0, ""LED_source_generated_j"": 1.9628783161062002, ""input_stimulus_generated_j"": 1.0658525630412241e-05, ""logic_decap_stored_energy_change_j"": 0.0, ""logic_joint_load_absorbed_j"": 0.003937061027465219, ""logic_series_R_loss_j"": 0.0, ""logic_source_generated_j"": 330.0039370608523, ""neighbor_stimulus_generated_j"": 0.0, ""reference_B_source_absorbed_j"": 192.76534317207185, ""reference_rail_absorbed_j"": 329.99999999999994}",,-0.0,,,0.2714172033825568,2,0,0,,,post
5.158542720451082e-08,-2.2046432679445616e-08,3.299999970508829,[],[2.5010060534495544e-06],-1.9276501964202328,,100.75278750881019,1e-09,256,"{""LED_decap_stored_energy_change_j"": 0.0, ""LED_load_absorbed_j"": 2.579271360225541e-07, ""LED_series_R_loss_j"": 0.0, ""LED_source_generated_j"": 2.579271360226962e-07, ""input_stimulus_generated_j"": 7.894056372869912e-19, ""logic_decap_stored_energy_change_j"": 0.0, ""logic_joint_load_absorbed_j"": 2.3446122115879557e-14, ""logic_series_R_loss_j"": 0.0, ""logic_source_generated_j"": 1.6896002344603397e-07, ""neighbor_stimulus_generated_j"": 0.0, ""reference_B_source_absorbed_j"": 9.869569006572879e-08, ""reference_rail_absorbed_j"": 1.6896e-07}",tt,"{""v(bias)"": {""max"": 1.372349803579767, ""min"": 1.372349803227595}, ""v(gate)"": {""max"": 1.372233636557962, ""min"": 1.372233635720686}, ""v(led_a)"": {""max"": 5.0, ""min"": 5.0}, ""v(led_k)"": {""max"": 2.199381376075626, ""min"": 2.19938137493761}, ""v(logic_rail)"": {""max"": 3.3, ""min"": 3.3}, ""v(pwm)"": {""max"": 3.299999977953567, ""min"": 3.299999970508829}}",,0,"[100.75278750889396, 100.7527875087264]",,,,,,10,0.0005120000000000001,"[0.0005145, 0.0010265]",100.7527761343176,192.7650196420233,impedance_0_0_d256,,"{""v(bias)"": {""end_v"": 1.3723498034101522, ""start_v"": 1.3723498034132082}, ""v(gate)"": {""end_v"": 1.3722336361545366, ""start_v"": 1.3722336361627732}, ""v(led_k)"": {""end_v"": 2.1993813755363276, ""start_v"": 2.199381375537219}, ""v(pwm)"": {""end_v"": 3.2999999743107225, ""start_v"": 3.2999999744429895}}",100.75279888326699,"{""LED_decap_stored_energy_change_j"": 0.0, ""LED_load_absorbed_j"": 503.7639375440509, ""LED_series_R_loss_j"": 0.0, ""LED_source_generated_j"": 503.7639375443285, ""input_stimulus_generated_j"": 1.5418078853261545e-09, ""logic_decap_stored_energy_change_j"": 0.0, ""logic_joint_load_absorbed_j"": 4.579320725757725e-05, ""logic_series_R_loss_j"": 0.0, ""logic_source_generated_j"": 330.00004579303504, ""neighbor_stimulus_generated_j"": 0.0, ""reference_B_source_absorbed_j"": 192.76501965962652, ""reference_rail_absorbed_j"": 329.99999999999994}",,-0.0,,,,0,0,0,,,post
2.0098366186039328e-10,0.023665752476843327,-0.01671590817834904,"[3.501065096024891e-06, 0.00025950106509657216, 0.0005155010650963849, 0.0007715010650965876, 0.001027501065095909]","[2.501006320076296e-06, 0.0002585010063204953, 0.0005145010063203807, 0.000770501006320757, 0.0010265010063203205]",-1.9163118556109728,109.3171814536365,0.3925462145710806,1e-09,1,"{""LED_decap_stored_energy_change_j"": 1.7763568394002505e-23, ""LED_load_absorbed_j"": 1.003097080179663e-09, ""LED_series_R_loss_j"": 1.821269099797735e-12, ""LED_source_generated_j"": 1.004918309428776e-09, ""input_stimulus_generated_j"": 5.449885688188723e-15, ""logic_decap_stored_energy_change_j"": 9.148237722911291e-23, ""logic_joint_load_absorbed_j"": 2.014245227481104e-12, ""logic_series_R_loss_j"": 5.120126590035092e-11, ""logic_source_generated_j"": 1.689620148996515e-07, ""neighbor_stimulus_generated_j"": 0.0, ""reference_B_source_absorbed_j"": 9.864465512090708e-08, ""reference_rail_absorbed_j"": 1.6890879938942438e-07}",tt,"{""v(bias)"": {""max"": 1.38264595476719, ""min"": 0.986749392577122}, ""v(gate)"": {""max"": 1.372991398763716, ""min"": -0.0003736505487207162}, ""v(led_a)"": {""max"": 5.000004496661647, ""min"": 4.989924674276277}, ""v(led_k)"": {""max"": 3.106342512099164, ""min"": 2.188701588740473}, ""v(logic_rail)"": {""max"": 3.299001839698036, ""min"": 3.298855688972637}, ""v(pwm)"": {""max"": 3.322653160554354, ""min"": -0.01671590817834904}}",0.14451464135610548,2,"[0.3925462145243325, 0.39254621461782874]",1000.058775830581,,,,254999.9412243721,10,0.0005120000000000001,"[0.0005145, 0.0010265]",-15.582796440156098,191.6311855610973,impedance_10_100_d1,,"{""v(bias)"": {""end_v"": 1.372349813286082, ""start_v"": 1.372349813928255}, ""v(gate)"": {""end_v"": 2.62948165170532e-09, ""start_v"": 4.19120084145647e-09}, ""v(led_k)"": {""end_v"": 3.104672814152047, ""start_v"": 3.104672814141565}, ""v(pwm)"": {""end_v"": 4.874121059556263e-09, ""start_v"": 1.39045859013763e-08}}",109.3171814536365,"{""LED_decap_stored_energy_change_j"": 3.4694469519536136e-14, ""LED_load_absorbed_j"": 1.9591739847259042, ""LED_series_R_loss_j"": 0.00355716621054245, ""LED_source_generated_j"": 1.9627310731030778, ""input_stimulus_generated_j"": 1.0644307984743598e-05, ""logic_decap_stored_energy_change_j"": 1.7867651802561113e-13, ""logic_joint_load_absorbed_j"": 0.00393407270992403, ""logic_series_R_loss_j"": 0.10000247246162287, ""logic_source_generated_j"": 330.0039353508818, ""neighbor_stimulus_generated_j"": 0.0, ""reference_B_source_absorbed_j"": 192.66534203302163, ""reference_rail_absorbed_j"": 329.89999880746944}",,-0.0,,,0.27164911032412364,2,100,10,,,post
5.15812755185124e-08,-1.8978690174975554e-08,3.298999967306987,[],[2.501006320076296e-06],-1.926650196048954,,100.74467874709451,1e-09,256,"{""LED_decap_stored_energy_change_j"": 1.6697754290362356e-22, ""LED_load_absorbed_j"": 2.5738672368941396e-07, ""LED_series_R_loss_j"": 5.196539031482999e-10, ""LED_source_generated_j"": 2.579063775926885e-07, ""input_stimulus_generated_j"": 3.5435819355251037e-19, ""logic_decap_stored_energy_change_j"": -1.509903313490213e-22, ""logic_joint_load_absorbed_j"": 2.3431538347539615e-14, ""logic_series_R_loss_j"": 5.1200014204251246e-11, ""logic_source_generated_j"": 1.6896002343701294e-07, ""neighbor_stimulus_generated_j"": 0.0, ""reference_B_source_absorbed_j"": 9.864449005864599e-08, ""reference_rail_absorbed_j"": 1.6890879999289793e-07}",tt,"{""v(bias)"": {""max"": 1.372349803812253, ""min"": 1.372349802995406}, ""v(gate)"": {""max"": 1.372233637170638, ""min"": 1.372233635064103}, ""v(led_a)"": {""max"": 4.989925532125346, ""min"": 4.989925532125188}, ""v(led_k)"": {""max"": 2.189313558828341, ""min"": 2.189313557738711}, ""v(logic_rail)"": {""max"": 3.298999999861369, ""min"": 3.298999999861201}, ""v(pwm)"": {""max"": 3.298999980882517, ""min"": 3.298999967306987}}",,0,"[100.74467874699432, 100.7446787471947]",,,,,,10,0.0005120000000000001,"[0.0005145, 0.0010265]",100.7446678574355,192.6650196048954,impedance_10_100_d256,,"{""v(bias)"": {""end_v"": 1.3723498032880148, ""start_v"": 1.3723498030491803}, ""v(gate)"": {""end_v"": 1.372233635851931, ""start_v"": 1.372233635201213}, ""v(led_k)"": {""end_v"": 2.189313557857712, ""start_v"": 2.1893135578483243}, ""v(pwm)"": {""end_v"": 3.2989999724117274, ""start_v"": 3.2989999681837237}}",100.7446896368493,"{""LED_decap_stored_energy_change_j"": 3.261280134836397e-13, ""LED_load_absorbed_j"": 502.7084447058865, ""LED_series_R_loss_j"": 1.014949029586523, ""LED_source_generated_j"": 503.7233937357196, ""input_stimulus_generated_j"": 6.921058467822467e-10, ""logic_decap_stored_energy_change_j"": -2.9490299091605716e-13, ""logic_joint_load_absorbed_j"": 4.576472333503831e-05, ""logic_series_R_loss_j"": 0.1000000277426782, ""logic_source_generated_j"": 330.00004577541586, ""neighbor_stimulus_generated_j"": 0.0, ""reference_B_source_absorbed_j"": 192.66501964579294, ""reference_rail_absorbed_j"": 329.8999999861287}",,-0.0,,,,0,100,10,,,post
2.009351325593667e-10,0.02369160926198921,-0.01675762440890242,"[3.5010656474319735e-06, 0.00025950106564684493, 0.0005155010656468437, 0.0007715010656468467, 0.001027501065646845]","[2.5010086363619476e-06, 0.00025850100863616276, 0.0005145010086362256, 0.0007705010086361947, 0.0010265010086366255]",-1.907325776835996,109.2275445122753,0.39245143078001304,1e-09,1,"{""LED_decap_stored_energy_change_j"": 7.460698725481053e-23, ""LED_load_absorbed_j"": 9.972463044122551e-10, ""LED_series_R_loss_j"": 7.429448650779324e-12, ""LED_source_generated_j"": 1.0046756629158127e-09, ""input_stimulus_generated_j"": 5.433187115295507e-15, ""logic_decap_stored_energy_change_j"": -3.197442310920451e-23, ""logic_joint_load_absorbed_j"": 2.0014215653278897e-12, ""logic_series_R_loss_j"": 5.120122129546544e-10, ""logic_source_generated_j"": 1.6896200755147194e-07, ""neighbor_stimulus_generated_j"": 0.0, ""reference_B_source_absorbed_j"": 9.818384974203376e-08, ""reference_rail_absorbed_j"": 1.6844799391651075e-07}",tt,"{""v(bias)"": {""max"": 1.382630892073234, ""min"": 0.9877311462080214}, ""v(gate)"": {""max"": 1.372990315894261, ""min"": -0.0003748501978142306}, ""v(led_a)"": {""max"": 5.000004502164117, ""min"": 4.936450403014398}, ""v(led_k)"": {""max"": 3.106343421319131, ""min"": 2.135290343074336}, ""v(logic_rail)"": {""max"": 3.290001865298537, ""min"": 3.289842064728515}, ""v(pwm)"": {""max"": 3.313678782557579, ""min"": -0.01675762440890242}}",0.14521270796062635,2,"[0.39245143077171724, 0.39245143078830874]",1000.0570106180389,,,,254999.942989351,10,0.0005120000000000001,"[0.0005145, 0.0010265]",-15.545661911673019,190.7325776835996,impedance_100_1000_d1,,"{""v(bias)"": {""end_v"": 1.372349813671353, ""start_v"": 1.372349813693791}, ""v(gate)"": {""end_v"": 3.554205371202819e-09, ""start_v"": 3.586713576940656e-09}, ""v(led_k)"": {""end_v"": 3.104670278421397, ""start_v"": 3.104670278424382}, ""v(pwm)"": {""end_v"": 1.011560947163327e-08, ""start_v"": 1.034316335352823e-08}}",109.2275445122753,"{""LED_decap_stored_energy_change_j"": 1.4571677198205177e-13, ""LED_load_absorbed_j"": 1.9477466883051855, ""LED_series_R_loss_j"": 0.014510641896053366, ""LED_source_generated_j"": 1.9622571541324463, ""input_stimulus_generated_j"": 1.0611693584561536e-05, ""logic_decap_stored_energy_change_j"": -6.245004513516506e-14, ""logic_joint_load_absorbed_j"": 0.003909026494781033, ""logic_series_R_loss_j"": 1.0000238534270591, ""logic_source_generated_j"": 330.0039209989686, ""neighbor_stimulus_generated_j"": 0.0, ""reference_B_source_absorbed_j"": 191.76533152740964, ""reference_rail_absorbed_j"": 328.999988118185}",,-0.0,,,0.2735801853072026,2,1000,100,,,post
5.154354941266543e-08,-2.1373087744080976e-08,3.289999968462102,[],[2.5010086363619476e-06],-1.9176501950569749,,100.67099494661215,1e-09,256,"{""LED_decap_stored_energy_change_j"": -2.671640686457977e-21, ""LED_load_absorbed_j"": 2.5252880666087534e-07, ""LED_series_R_loss_j"": 5.188940402450719e-09, ""LED_source_generated_j"": 2.5771774706327314e-07, ""input_stimulus_generated_j"": -4.904764551100386e-19, ""logic_decap_stored_energy_change_j"": -3.996802888650564e-23, ""logic_joint_load_absorbed_j"": 2.330359591003496e-14, ""logic_series_R_loss_j"": 5.120001416549727e-10, ""logic_source_generated_j"": 1.689600233730689e-07, ""neighbor_stimulus_generated_j"": 0.0, ""reference_B_source_absorbed_j"": 9.818368999488088e-08, ""reference_rail_absorbed_j"": 1.6844799992917256e-07}",tt,"{""v(bias)"": {""max"": 1.372349803559646, ""min"": 1.372349803248359}, ""v(gate)"": {""max"": 1.372233636446059, ""min"": 1.372233635402298}, ""v(led_a)"": {""max"": 4.89932900505366, ""min"": 4.899329005052754}, ""v(led_k)"": {""max"": 2.098777488915025, ""min"": 2.098777487700806}, ""v(logic_rail)"": {""max"": 3.289999998616744, ""min"": 3.289999998616513}, ""v(pwm)"": {""max"": 3.289999977243524, ""min"": 3.289999968462102}}",,0,"[100.67099494663097, 100.67099494659334]",,,,,,10,0.0005120000000000001,"[0.0005145, 0.0010265]",100.670982809011,191.7650195056975,impedance_100_1000_d256,,"{""v(bias)"": {""end_v"": 1.372349803444673, ""start_v"": 1.3723498034521497}, ""v(gate)"": {""end_v"": 1.372233636046866, ""start_v"": 1.3722336360843674}, ""v(led_k)"": {""end_v"": 2.0987774884464807, ""start_v"": 2.098777488493694}, ""v(pwm)"": {""end_v"": 3.289999973305163, ""start_v"": 3.2899999741967663}}",100.6710070843465,"{""LED_decap_stored_energy_change_j"": -5.218048215738235e-12, ""LED_load_absorbed_j"": 493.22032550952207, ""LED_series_R_loss_j"": 10.13464922353656, ""LED_source_generated_j"": 503.35497473295527, ""input_stimulus_generated_j"": -9.57961826386794e-10, ""logic_decap_stored_energy_change_j"": -7.806255641895632e-14, ""logic_joint_load_absorbed_j"": 4.551483576178702e-05, ""logic_series_R_loss_j"": 1.0000002766698686, ""logic_source_generated_j"": 330.0000456505251, ""neighbor_stimulus_generated_j"": 0.0, ""reference_B_source_absorbed_j"": 191.76501952125167, ""reference_rail_absorbed_j"": 328.9999998616651}",,-0.0,,,,0,1000,100,,,post
1.1194631804600705e-09,0.005920133147494955,-0.01675852533932668,[],[2.5010086557298045e-06],3.063904120414172e-15,0.04989342505960656,55.97315902300352,1e-09,256,"{""LED_decap_stored_energy_change_j"": 1.2001554139634957e-08, ""LED_load_absorbed_j"": 5.2629581011029606e-09, ""LED_series_R_loss_j"": 1.2422818942627873e-08, ""LED_source_generated_j"": 2.9687330906849672e-08, ""input_stimulus_generated_j"": 3.6221594620204084e-14, ""logic_decap_stored_energy_change_j"": 5.412049415003584e-09, ""logic_joint_load_absorbed_j"": 7.094963367423293e-13, ""logic_series_R_loss_j"": 4.029929446157432e-09, ""logic_source_generated_j"": 1.5606766730011276e-08, ""neighbor_stimulus_generated_j"": 0.0, ""reference_B_source_absorbed_j"": 3.5917408908379297e-09, ""reference_rail_absorbed_j"": 6.16409720720426e-09}",tt,"{""v(bias)"": {""max"": 1.382627824116818, ""min"": -4.625390135990044e-15}, ""v(gate)"": {""max"": 1.373257500099601, ""min"": -0.0003705173504182534}, ""v(led_a)"": {""max"": 4.899296712720093, ""min"": -1.032437179689363e-05}, ""v(led_k)"": {""max"": 2.098743767604769, ""min"": -1.09243633839761e-09}, ""v(logic_rail)"": {""max"": 3.290000198543633, ""min"": -1.227321918831309e-20}, ""v(pwm)"": {""max"": 3.29577546005876, ""min"": -0.01675852533932668}}",,0,[],,8e-06,0,1e-06,,2,2e-05,"[0, 2e-05]",-23.77163832333667,-0.0,logic_first_R100_RLED1000_decap,,"{""v(bias)"": {""end_v"": 1.372356262726981, ""start_v"": -1.063473587080209e-24}, ""v(gate)"": {""end_v"": 1.372240094360746, ""start_v"": 2.587871495885674e-25}, ""v(led_k)"": {""end_v"": 2.098743767604769, ""start_v"": 2.126721568291605e-18}, ""v(pwm)"": {""end_v"": 3.289999796461072, ""start_v"": 3.417357213693087e-34}}",100.67273531910939,"{""LED_decap_stored_energy_change_j"": 600.0777069817478, ""LED_load_absorbed_j"": 263.147905055148, ""LED_series_R_loss_j"": 621.1409471313935, ""LED_source_generated_j"": 1484.3665453424835, ""input_stimulus_generated_j"": 0.001811079731010204, ""logic_decap_stored_energy_change_j"": 270.6024707501792, ""logic_joint_load_absorbed_j"": 0.03547481683711646, ""logic_series_R_loss_j"": 201.49647230787158, ""logic_source_generated_j"": 780.3383365005637, ""neighbor_stimulus_generated_j"": 0.0, ""reference_B_source_absorbed_j"": 179.58704454189646, ""reference_rail_absorbed_j"": 308.204860360213}",compliant,-0.0,1.2e-06,2e-05,0.27361986953897066,1,1000,100,2e-05,,post
1.2016500148354221e-09,0.09121876427296134,-1.418740405808092e-15,[],[8.050268818439482e-06],0.01645503085619271,2.012883577691142,60.0825007417711,,256,"{""LED_decap_stored_energy_change_j"": 0.0, ""LED_load_absorbed_j"": 6.007817776955863e-09, ""LED_series_R_loss_j"": 0.0, ""LED_source_generated_j"": 6.007817776955863e-09, ""input_stimulus_generated_j"": 2.2861895441512337e-14, ""logic_decap_stored_energy_change_j"": 0.0, ""logic_joint_load_absorbed_j"": 2.530383892037251e-13, ""logic_series_R_loss_j"": 0.0, ""logic_source_generated_j"": 3.939617798495221e-09, ""neighbor_stimulus_generated_j"": -1.015220069040185e-16, ""reference_B_source_absorbed_j"": 2.299590697049795e-09, ""reference_rail_absorbed_j"": 3.939364760106017e-09}",tt,"{""v(bias)"": {""max"": 1.372565949095028, ""min"": -3.673417765232597e-15}, ""v(gate)"": {""max"": 1.372243758733513, ""min"": -5.101947207104783e-15}, ""v(led_a)"": {""max"": 5.0, ""min"": 0.0}, ""v(led_k)"": {""max"": 4.919782687655202, ""min"": -6.907178650278871e-17}, ""v(logic_rail)"": {""max"": 3.3, ""min"": 0.0}, ""v(pwm)"": {""max"": 3.300000001637803, ""min"": -1.418740405808092e-15}}",,0,[],,1e-06,0,8e-06,,2,2e-05,"[0, 2e-05]",-0.24371848874701899,-9.267105718661621e-42,neighbors_all_live_high_LED_first,1,"{""v(bias)"": {""end_v"": 1.372359921336576, ""start_v"": -3.65568047811666e-24}, ""v(gate)"": {""end_v"": 1.372243750050263, ""start_v"": 8.895492788517525e-25}, ""v(led_k)"": {""end_v"": 2.199379113618799, ""start_v"": -3.758011732929547e-18}, ""v(pwm)"": {""end_v"": 3.299999964769168, ""start_v"": 1.072680687466198e-36}}",100.7560533384434,"{""LED_decap_stored_energy_change_j"": 0.0, ""LED_load_absorbed_j"": 300.3908888477931, ""LED_series_R_loss_j"": 0.0, ""LED_source_generated_j"": 300.3908888477931, ""input_stimulus_generated_j"": 0.0011430947720756169, ""logic_decap_stored_energy_change_j"": 0.0, ""logic_joint_load_absorbed_j"": 0.012651919460186255, ""logic_series_R_loss_j"": 0.0, ""logic_source_generated_j"": 196.98088992476102, ""neighbor_stimulus_generated_j"": -5.076100345200925e-06, ""reference_B_source_absorbed_j"": 114.97953485248975, ""reference_rail_absorbed_j"": 196.96823800530086}",compliant,1.7314567115489555e-23,0,2e-05,35.81204739263695,1,,,2e-05,,post
