LED_load_charge_c,PWM_above_live_logic_max_v,PWM_below_ground_min_v,PWM_voltage_50pct_fall_s,PWM_voltage_50pct_rise_s,area_error_pct,bias_above_reference_rail_max_v,command_low_peak_LED_branch_current_uA,current_uA,duty,energies_j,envelope,extrema,fall_70_30_ns,fall_edges_in_window,frame_average_currents_uA,high_pulse_min_ns,low_pulse_min_ns,maxstep_ns,measurement_duration_s,measurement_window_s,minimum_LED_branch_current_uA,minimum_reference_B_source_power_absorbed_uW,name,observed_endpoints,peak_LED_branch_current_uA,post_rc_style,powers_uW,reference_B_source_active_delivery_energy_j,rise_30_70_ns,rise_edges_in_window,view
1.847213654847764e-15,-3.299999989532936,1.046702083398491e-08,[],[],,-1.9252389722582839,3.607873028110831e-06,3.6078391696245387e-06,0,"{""LED_decap_stored_energy_change_j"": 0.0, ""LED_load_absorbed_j"": 9.23606827423882e-15, ""LED_series_R_loss_j"": 0.0, ""LED_source_generated_j"": 9.23606827423882e-15, ""input_stimulus_generated_j"": 0.0, ""logic_decap_stored_energy_change_j"": 0.0, ""logic_joint_load_absorbed_j"": 2.3106966096542813e-14, ""logic_series_R_loss_j"": 0.0, ""logic_source_generated_j"": 1.689600231069661e-07, ""neighbor_stimulus_generated_j"": 0.0, ""reference_B_source_absorbed_j"": 9.857223537965845e-08, ""reference_rail_absorbed_j"": 1.6896e-07}",tt,"{""v(bias)"": {""max"": 1.374761027741716, ""min"": 1.374761027740445}, ""v(gate)"": {""max"": 0.0001837166674163213, ""min"": 0.0001837166673969672}, ""v(led_a)"": {""max"": 5.0, ""min"": 5.0}, ""v(led_k)"": {""max"": 3.573818696354239, ""min"": 3.573818696353985}, ""v(logic_rail)"": {""max"": 3.3, ""min"": 3.3}, ""v(pwm)"": {""max"": 1.046706382530921e-08, ""min"": 1.046702083398491e-08}}",,0,"[3.607839206968278e-06, 3.607839132280799e-06]",,,10,0.0005120000000000001,"[0.0005145, 0.0010265]",3.607784210268861e-06,192.52389722582842,tt_pre_d0,"{""v(bias)"": {""end_v"": 1.374761027740815, ""start_v"": 1.3747610277409215}, ""v(gate)"": {""end_v"": 0.0001837166674094356, ""start_v"": 0.00018371666740566315}, ""v(led_k)"": {""end_v"": 3.5738186963541323, ""start_v"": 3.5738186963540906}, ""v(pwm)"": {""end_v"": 1.046704748194726e-08, ""start_v"": 1.0467040226144565e-08}}",3.607873028110831e-06,,"{""LED_decap_stored_energy_change_j"": 0.0, ""LED_load_absorbed_j"": 1.8039195848122694e-05, ""LED_series_R_loss_j"": 0.0, ""LED_source_generated_j"": 1.8039195848122694e-05, ""input_stimulus_generated_j"": 0.0, ""logic_decap_stored_energy_change_j"": 0.0, ""logic_joint_load_absorbed_j"": 4.513079315731017e-05, ""logic_series_R_loss_j"": 0.0, ""logic_source_generated_j"": 330.00004513079307, ""neighbor_stimulus_generated_j"": 0.0, ""reference_B_source_absorbed_j"": 192.52389722589538, ""reference_rail_absorbed_j"": 329.99999999999994}",-0.0,,0,pre
2.0088595049576762e-10,0.02625058776058431,-0.01854204274263927,"[3.5010069973683233e-06, 0.00025950100699727346, 0.0005155010069974128, 0.000771501006997273, 0.0010275010069974119]","[2.500947349337265e-06, 0.00025850094734948173, 0.0005145009473495322, 0.0007705009473494811, 0.001026500947349532]",-0.2506827536718048,-1.9144513021378757,111.20567284623199,0.39235537206204607,1,"{""LED_decap_stored_energy_change_j"": 0.0, ""LED_load_absorbed_j"": 1.0044297524788377e-09, ""LED_series_R_loss_j"": 0.0, ""LED_source_generated_j"": 1.0044297524788377e-09, ""input_stimulus_generated_j"": 4.961197747835844e-15, ""logic_decap_stored_energy_change_j"": 0.0, ""logic_joint_load_absorbed_j"": 1.9204605865398812e-12, ""logic_series_R_loss_j"": 0.0, ""logic_source_generated_j"": 1.6896192046058656e-07, ""neighbor_stimulus_generated_j"": 0.0, ""reference_B_source_absorbed_j"": 9.857235606886938e-08, ""reference_rail_absorbed_j"": 1.6896e-07}",tt,"{""v(bias)"": {""max"": 1.385548697862124, ""min"": 0.9884074528185622}, ""v(gate)"": {""max"": 1.375731021605825, ""min"": -0.0002540121825979269}, ""v(led_a)"": {""max"": 5.0, ""min"": 5.0}, ""v(led_k)"": {""max"": 3.106370823610853, ""min"": 2.198705576058457}, ""v(logic_rail)"": {""max"": 3.3, ""min"": 3.3}, ""v(pwm)"": {""max"": 3.326250587760584, ""min"": -0.01854204274263927}}",0.13424724385532188,2,"[0.39235537207391097, 0.392355372050181]",1000.0596477919383,254999.94035206834,10,0.0005120000000000001,"[0.0005145, 0.0010265]",-15.269554380626799,191.4451302137876,tt_pre_d1,"{""v(bias)"": {""end_v"": 1.374761027591651, ""start_v"": 1.374761027591143}, ""v(gate)"": {""end_v"": 0.0001837198721400395, ""start_v"": 0.0001837198721439282}, ""v(led_k)"": {""end_v"": 3.104699231156981, ""start_v"": 3.104699231154699}, ""v(pwm)"": {""end_v"": 2.95601012711603e-09, ""start_v"": 2.956024542601585e-09}}",111.20567284623199,,"{""LED_decap_stored_energy_change_j"": 0.0, ""LED_load_absorbed_j"": 1.9617768603102295, ""LED_series_R_loss_j"": 0.0, ""LED_source_generated_j"": 1.9617768603102295, ""input_stimulus_generated_j"": 9.689839351241883e-06, ""logic_decap_stored_energy_change_j"": 0.0, ""logic_joint_load_absorbed_j"": 0.003750899583085705, ""logic_series_R_loss_j"": 0.0, ""logic_source_generated_j"": 330.00375089958305, ""neighbor_stimulus_generated_j"": 0.0, ""reference_B_source_absorbed_j"": 192.52413294701046, ""reference_rail_absorbed_j"": 329.99999999999994}",-0.0,0.25851786477574384,2,pre
1.2888505878884925e-08,0.026243682508164223,-0.01854204314421281,"[6.650100699736819e-05, 0.0003225010069973765, 0.0005785010069973767, 0.0008345010069973769]","[2.500947349337265e-06, 0.0002585009473495101, 0.0005145009473495098, 0.0007705009473495101, 0.0010265009473495099]",-0.0039218015192354905,-1.914451318614348,111.2056453556178,25.172863044697117,64,"{""LED_decap_stored_energy_change_j"": 0.0, ""LED_load_absorbed_j"": 6.444252939442463e-08, ""LED_series_R_loss_j"": 0.0, ""LED_source_generated_j"": 6.444252939442463e-08, ""input_stimulus_generated_j"": 4.960180749932788e-15, ""logic_decap_stored_energy_change_j"": 0.0, ""logic_joint_load_absorbed_j"": 1.9208163006458893e-12, ""logic_series_R_loss_j"": 0.0, ""logic_source_generated_j"": 1.6896192081630066e-07, ""neighbor_stimulus_generated_j"": 0.0, ""reference_B_source_absorbed_j"": 9.856947809133308e-08, ""reference_rail_absorbed_j"": 1.6896e-07}",tt,"{""v(bias)"": {""max"": 1.385548681385652, ""min"": 0.9884035250923582}, ""v(gate)"": {""max"": 1.375730674562305, ""min"": -0.0002540049722180073}, ""v(led_a)"": {""max"": 5.0, ""min"": 5.0}, ""v(led_k)"": {""max"": 3.083978571046804, ""min"": 2.198705577866946}, ""v(logic_rail)"": {""max"": 3.3, ""min"": 3.3}, ""v(pwm)"": {""max"": 3.326243682508164, ""min"": -0.01854204314421281}}",0.1342472451563645,2,"[25.172863044696896, 25.172863044697337]",64000.05964786687,191999.9403521334,10,0.0005120000000000001,"[0.0005145, 0.0010265]",-15.272496036310288,191.4451318614348,tt_pre_d64,"{""v(bias)"": {""end_v"": 1.374761027628093, ""start_v"": 1.374761027636221}, ""v(gate)"": {""end_v"": 0.0001837209931170672, ""start_v"": 0.0001837209931167805}, ""v(led_k)"": {""end_v"": 3.082312364512502, ""start_v"": 3.082312364515987}, ""v(pwm)"": {""end_v"": 2.630263713095932e-09, ""start_v"": 2.630264088917935e-09}}",111.2056453556178,,"{""LED_decap_stored_energy_change_j"": 0.0, ""LED_load_absorbed_j"": 125.86431522348558, ""LED_series_R_loss_j"": 0.0, ""LED_source_generated_j"": 125.86431522348558, ""input_stimulus_generated_j"": 9.687853027212476e-06, ""logic_decap_stored_energy_change_j"": 0.0, ""logic_joint_load_absorbed_j"": 0.003751594337199002, ""logic_series_R_loss_j"": 0.0, ""logic_source_generated_j"": 330.00375159433713, ""neighbor_stimulus_generated_j"": 0.0, ""reference_B_source_absorbed_j"": 192.51851189713489, ""reference_rail_absorbed_j"": 329.99999999999994}",-0.0,0.2585176305880746,2,pre
5.135414707050438e-08,0.026243775222156263,-0.01854202020508781,"[0.00025750100699736817, 0.0005135010069973773, 0.0007695010069973773, 0.0010255010069973776]","[2.500947349337265e-06, 0.00025850094735004964, 0.0005145009473500494, 0.0007705009473500495, 0.0010265009473500494]",-0.0009883589075720955,-1.9144516118248098,111.2056457143175,100.30106849707884,255,"{""LED_decap_stored_energy_change_j"": 0.0, ""LED_load_absorbed_j"": 2.567707353525219e-07, ""LED_series_R_loss_j"": 0.0, ""LED_source_generated_j"": 2.567707353525219e-07, ""input_stimulus_generated_j"": 4.9605162329917e-15, ""logic_decap_stored_energy_change_j"": 0.0, ""logic_joint_load_absorbed_j"": 1.9259659946232632e-12, ""logic_series_R_loss_j"": 0.0, ""logic_source_generated_j"": 1.6896192596599464e-07, ""neighbor_stimulus_generated_j"": 0.0, ""reference_B_source_absorbed_j"": 9.856075143283498e-08, ""reference_rail_absorbed_j"": 1.6896e-07}",tt,"{""v(bias)"": {""max"": 1.38554838817519, ""min"": 0.9883214255642138}, ""v(gate)"": {""max"": 1.375730677954474, ""min"": -0.0002529855717728056}, ""v(led_a)"": {""max"": 5.0, ""min"": 5.0}, ""v(led_k)"": {""max"": 2.669024541143614, ""min"": 2.198705577826507}, ""v(logic_rail)"": {""max"": 3.3, ""min"": 3.3}, ""v(pwm)"": {""max"": 3.326243775222156, ""min"": -0.01854202020508781}}",0.13424724483110384,2,"[100.30106849707845, 100.30106849707923]",255000.0596473279,999.9403526721488,10,0.0005120000000000001,"[0.0005145, 0.0010265]",-15.326969183210169,191.44516118248097,tt_pre_d255,"{""v(bias)"": {""end_v"": 1.374761090291109, ""start_v"": 1.374761090291577}, ""v(gate)"": {""end_v"": 0.0001846245705881822, ""start_v"": 0.0001846245705819263}, ""v(led_k)"": {""end_v"": 2.667290386367095, ""start_v"": 2.667290386365604}, ""v(pwm)"": {""end_v"": 2.260150881733266e-08, ""start_v"": 2.260149483794774e-08}}",111.2056457143175,,"{""LED_decap_stored_energy_change_j"": 0.0, ""LED_load_absorbed_j"": 501.5053424853942, ""LED_series_R_loss_j"": 0.0, ""LED_source_generated_j"": 501.5053424853942, ""input_stimulus_generated_j"": 9.688508267561913e-06, ""logic_decap_stored_energy_change_j"": 0.0, ""logic_joint_load_absorbed_j"": 0.00376165233324856, ""logic_series_R_loss_j"": 0.0, ""logic_source_generated_j"": 330.0037616523332, ""neighbor_stimulus_generated_j"": 0.0, ""reference_B_source_absorbed_j"": 192.5014676422558, ""reference_rail_absorbed_j"": 329.99999999999994}",-0.0,0.2585184282356129,2,pre
5.155604544131308e-08,-2.3359391754240733e-08,3.29999997173564,[],[2.500947349337265e-06],0.0,-1.9250105680861649,,100.6954012525646,256,"{""LED_decap_stored_energy_change_j"": 0.0, ""LED_load_absorbed_j"": 2.577802272065654e-07, ""LED_series_R_loss_j"": 0.0, ""LED_source_generated_j"": 2.577802272065654e-07, ""input_stimulus_generated_j"": -2.875528673512652e-21, ""logic_decap_stored_energy_change_j"": 0.0, ""logic_joint_load_absorbed_j"": 2.3476789996689894e-14, ""logic_series_R_loss_j"": 0.0, ""logic_source_generated_j"": 1.6896002347679003e-07, ""neighbor_stimulus_generated_j"": 0.0, ""reference_B_source_absorbed_j"": 9.856054109594829e-08, ""reference_rail_absorbed_j"": 1.6895999999999997e-07}",tt,"{""v(bias)"": {""max"": 1.374989431913835, ""min"": 1.37498943152583}, ""v(gate)"": {""max"": 1.37487326486454, ""min"": 1.374873263856585}, ""v(led_a)"": {""max"": 5.0, ""min"": 5.0}, ""v(led_k)"": {""max"": 2.199428453513679, ""min"": 2.199428453351143}, ""v(logic_rail)"": {""max"": 3.3, ""min"": 3.3}, ""v(pwm)"": {""max"": 3.299999976640608, ""min"": 3.29999997173564}}",,0,"[100.69540125256509, 100.69540125256405]",,,10,0.0005120000000000001,"[0.0005145, 0.0010265]",100.6953996312666,192.50105680861648,tt_pre_d256,"{""v(bias)"": {""end_v"": 1.374989431547221, ""start_v"": 1.3749894315456679}, ""v(gate)"": {""end_v"": 1.3748732639179828, ""start_v"": 1.3748732639187067}, ""v(led_k)"": {""end_v"": 2.199428453361882, ""start_v"": 2.1994284533611608}, ""v(pwm)"": {""end_v"": 3.2999999726362326, ""start_v"": 3.2999999719783406}}",100.6954028738284,,"{""LED_decap_stored_energy_change_j"": 0.0, ""LED_load_absorbed_j"": 503.47700626282295, ""LED_series_R_loss_j"": 0.0, ""LED_source_generated_j"": 503.47700626282295, ""input_stimulus_generated_j"": -5.616266940454397e-12, ""logic_decap_stored_energy_change_j"": 0.0, ""logic_joint_load_absorbed_j"": 4.585310546228494e-05, ""logic_series_R_loss_j"": 0.0, ""logic_source_generated_j"": 330.0000458531055, ""neighbor_stimulus_generated_j"": 0.0, ""reference_B_source_absorbed_j"": 192.50105682802396, ""reference_rail_absorbed_j"": 329.9999999999999}",-0.0,,0,pre
1.8473097055534996e-15,-3.299999989479135,1.052078930912618e-08,[],[],,-1.9276501865518598,3.6080684273631647e-06,3.6080267686591785e-06,0,"{""LED_decap_stored_energy_change_j"": 0.0, ""LED_load_absorbed_j"": 9.236548527767498e-15, ""LED_series_R_loss_j"": 0.0, ""LED_source_generated_j"": 9.236548527767498e-15, ""input_stimulus_generated_j"": 0.0, ""logic_decap_stored_energy_change_j"": 0.0, ""logic_joint_load_absorbed_j"": 2.3089522082408017e-14, ""logic_series_R_loss_j"": 0.0, ""logic_source_generated_j"": 1.689600230895221e-07, ""neighbor_stimulus_generated_j"": 0.0, ""reference_B_source_absorbed_j"": 9.869568955154043e-08, ""reference_rail_absorbed_j"": 1.6896e-07}",tt,"{""v(bias)"": {""max"": 1.37234981344814, ""min"": 1.372349813444747}, ""v(gate)"": {""max"": 1.504825054542561e-11, ""min"": 1.502837215856682e-11}, ""v(led_a)"": {""max"": 5.0, ""min"": 5.0}, ""v(led_k)"": {""max"": 3.573812237097236, ""min"": 3.573812237096983}, ""v(logic_rail)"": {""max"": 3.3, ""min"": 3.3}, ""v(pwm)"": {""max"": 1.052086471146008e-08, ""min"": 1.052078930912618e-08}}",,0,"[3.6080266897092755e-06, 3.6080268476090803e-06]",,,10,0.0005120000000000001,"[0.0005145, 0.0010265]",3.607979609521195e-06,192.765018655186,tt_post_d0,"{""v(bias)"": {""end_v"": 1.372349813446121, ""start_v"": 1.372349813447033}, ""v(gate)"": {""end_v"": 1.5038829436471734e-11, ""start_v"": 1.5037035494904188e-11}, ""v(led_k)"": {""end_v"": 3.5738122370971652, ""start_v"": 3.5738122370970733}, ""v(pwm)"": {""end_v"": 1.0520831177846645e-08, ""start_v"": 1.0520820181377906e-08}}",3.6080684273631647e-06,,"{""LED_decap_stored_energy_change_j"": 0.0, ""LED_load_absorbed_j"": 1.8040133843295893e-05, ""LED_series_R_loss_j"": 0.0, ""LED_source_generated_j"": 1.8040133843295893e-05, ""input_stimulus_generated_j"": 0.0, ""logic_decap_stored_energy_change_j"": 0.0, ""logic_joint_load_absorbed_j"": 4.5096722817203156e-05, ""logic_series_R_loss_j"": 0.0, ""logic_source_generated_j"": 330.0000450967228, ""neighbor_stimulus_generated_j"": 0.0, ""reference_B_source_absorbed_j"": 192.76501865535238, ""reference_rail_absorbed_j"": 329.99999999999994}",-0.0,,0,post
2.0099873954089863e-10,0.023656912298934962,-0.01670375556851386,"[3.501065033173942e-06, 0.0002595010650331733, 0.0005155010650331729, 0.0007715010650331735, 0.001027501065033173]","[2.5010060534495535e-06, 0.00025850100605395184, 0.0005145010060539841, 0.0007705010060539474, 0.0010265010060539917]",-0.25152429488695116,-1.917351748481395,109.3299284938033,0.3925756631658176,1,"{""LED_decap_stored_energy_change_j"": 0.0, ""LED_load_absorbed_j"": 1.004993697704493e-09, ""LED_series_R_loss_j"": 0.0, ""LED_source_generated_j"": 1.004993697704493e-09, ""input_stimulus_generated_j"": 5.45716505472009e-15, ""logic_decap_stored_energy_change_j"": 0.0, ""logic_joint_load_absorbed_j"": 2.0157752622393737e-12, ""logic_series_R_loss_j"": 0.0, ""logic_source_generated_j"": 1.6896201577526226e-07, ""neighbor_stimulus_generated_j"": 0.0, ""reference_B_source_absorbed_j"": 9.869585570410068e-08, ""reference_rail_absorbed_j"": 1.6896e-07}",tt,"{""v(bias)"": {""max"": 1.382648251518605, ""min"": 0.9866395398022745}, ""v(gate)"": {""max"": 1.372990802912571, ""min"": -0.0003734791932975522}, ""v(led_a)"": {""max"": 5.0, ""min"": 5.0}, ""v(led_k)"": {""max"": 3.106338303305689, ""min"": 2.198769462746812}, ""v(logic_rail)"": {""max"": 3.3, ""min"": 3.3}, ""v(pwm)"": {""max"": 3.323656912298935, ""min"": -0.01670375556851386}}",0.14444269445888086,2,"[0.39257566315202413, 0.39257566317961096]",1000.0589791887447,254999.94102077454,10,0.0005120000000000001,"[0.0005145, 0.0010265]",-15.58984751868317,191.7351748481395,tt_post_d1,"{""v(bias)"": {""end_v"": 1.372349812744546, ""start_v"": 1.372349812757115}, ""v(gate)"": {""end_v"": 1.193368851963854e-09, ""start_v"": 1.193550958381073e-09}, ""v(led_k)"": {""end_v"": 3.10467285470143, ""start_v"": 3.104672854702113}, ""v(pwm)"": {""end_v"": -2.208514318418958e-09, ""start_v"": -2.20732754289736e-09}}",109.3299284938033,,"{""LED_decap_stored_energy_change_j"": 0.0, ""LED_load_absorbed_j"": 1.9628783158290874, ""LED_series_R_loss_j"": 0.0, ""LED_source_generated_j"": 1.9628783158290874, ""input_stimulus_generated_j"": 1.0658525497500173e-05, ""logic_decap_stored_energy_change_j"": 0.0, ""logic_joint_load_absorbed_j"": 0.003937061059061276, ""logic_series_R_loss_j"": 0.0, ""logic_source_generated_j"": 330.00393706105905, ""neighbor_stimulus_generated_j"": 0.0, ""reference_B_source_absorbed_j"": 192.76534317207162, ""reference_rail_absorbed_j"": 329.99999999999994}",-0.0,0.27141720305729616,2,post
1.2895849323113016e-08,0.02365697718289006,-0.01671747468608525,"[6.650106503317396e-05, 0.0003225010650332236, 0.0005785010650332603, 0.0008345010650332602]","[2.5010060534495535e-06, 0.00025850100605397715, 0.0005145010060539494, 0.0007705010060546951, 0.0010265010060547019]",-0.003935049428804849,-1.9173449206183049,109.33005854575481,25.187205709205106,64,"{""LED_decap_stored_energy_change_j"": 0.0, ""LED_load_absorbed_j"": 6.447924661556508e-08, ""LED_series_R_loss_j"": 0.0, ""LED_source_generated_j"": 6.447924661556508e-08, ""input_stimulus_generated_j"": 5.4554745465513954e-15, ""logic_decap_stored_energy_change_j"": 0.0, ""logic_joint_load_absorbed_j"": 2.0161265572181144e-12, ""logic_series_R_loss_j"": 0.0, ""logic_source_generated_j"": 1.6896201612655724e-07, ""neighbor_stimulus_generated_j"": 0.0, ""reference_B_source_absorbed_j"": 9.869585574376755e-08, ""reference_rail_absorbed_j"": 1.6896e-07}",tt,"{""v(bias)"": {""max"": 1.382655079381695, ""min"": 0.9866263709786479}, ""v(gate)"": {""max"": 1.372990818854134, ""min"": -0.0003734433742811494}, ""v(led_a)"": {""max"": 5.0, ""min"": 5.0}, ""v(led_k)"": {""max"": 3.083945715540336, ""min"": 2.1987694608371}, ""v(logic_rail)"": {""max"": 3.3, ""min"": 3.3}, ""v(pwm)"": {""max"": 3.32365697718289, ""min"": -0.01671747468608525}}",0.1444423748360804,2,"[25.187205709353425, 25.187205709056784]",64000.058978565125,191999.94102143482,10,0.0005120000000000001,"[0.0005145, 0.0010265]",-15.5945063074335,191.7344920618305,tt_post_d64,"{""v(bias)"": {""end_v"": 1.372349814639706, ""start_v"": 1.372349814684807}, ""v(gate)"": {""end_v"": 6.854139820393008e-09, ""start_v"": 6.962912815700694e-09}, ""v(led_k)"": {""end_v"": 3.082286110109119, ""start_v"": 3.082286110129271}, ""v(pwm)"": {""end_v"": 2.275493335683872e-08, ""start_v"": 2.349259848702307e-08}}",109.33005854575481,,"{""LED_decap_stored_energy_change_j"": 0.0, ""LED_load_absorbed_j"": 125.93602854602554, ""LED_series_R_loss_j"": 0.0, ""LED_source_generated_j"": 125.93602854602554, ""input_stimulus_generated_j"": 1.0655223723733192e-05, ""logic_decap_stored_energy_change_j"": 0.0, ""logic_joint_load_absorbed_j"": 0.003937747182066629, ""logic_series_R_loss_j"": 0.0, ""logic_source_generated_j"": 330.003937747182, ""neighbor_stimulus_generated_j"": 0.0, ""reference_B_source_absorbed_j"": 192.76534324954596, ""reference_rail_absorbed_j"": 329.99999999999994}",-0.0,0.2714195661843513,2,post
5.1383411837215266e-08,0.023656626995856023,-0.01671750243218897,"[0.0002575010650331738, 0.0005135010650333916, 0.0007695010650331965, 0.0010255010650334466]","[2.5010060534495535e-06, 0.00025850100605445756, 0.0005145010060545505, 0.0007705010060541831, 0.0010265010060544692]",-0.000992124115029025,-1.9173451107820279,109.3298930613464,100.35822624456105,255,"{""LED_decap_stored_energy_change_j"": 0.0, ""LED_load_absorbed_j"": 2.5691705918607633e-07, ""LED_series_R_loss_j"": 0.0, ""LED_source_generated_j"": 2.5691705918607633e-07, ""input_stimulus_generated_j"": 5.4567198175932075e-15, ""logic_decap_stored_energy_change_j"": 0.0, ""logic_joint_load_absorbed_j"": 2.021265843184099e-12, ""logic_series_R_loss_j"": 0.0, ""logic_source_generated_j"": 1.6896202126584322e-07, ""neighbor_stimulus_generated_j"": 0.0, ""reference_B_source_absorbed_j"": 9.869585451081673e-08, ""reference_rail_absorbed_j"": 1.6896e-07}",tt,"{""v(bias)"": {""max"": 1.382654889217972, ""min"": 0.9865455013125268}, ""v(gate)"": {""max"": 1.37299186074917, ""min"": -0.0003724298811040486}, ""v(led_a)"": {""max"": 5.0, ""min"": 5.0}, ""v(led_k)"": {""max"": 2.66899504413644, ""min"": 2.198769439489087}, ""v(logic_rail)"": {""max"": 3.3, ""min"": 3.3}, ""v(pwm)"": {""max"": 3.323656626995856, ""min"": -0.01671750243218897}}",0.14444273468278146,2,"[100.35822624478725, 100.35822624433483]",255000.05897864598,999.9410209866194,10,0.0005120000000000001,"[0.0005145, 0.0010265]",-15.65435918391964,191.73451107820281,tt_post_d255,"{""v(bias)"": {""end_v"": 1.372349872670281, ""start_v"": 1.372349874329321}, ""v(gate)"": {""end_v"": 8.939483486191096e-07, ""start_v"": 8.977612307196873e-07}, ""v(led_k)"": {""end_v"": 2.66726129365942, ""start_v"": 2.667261284617345}, ""v(pwm)"": {""end_v"": 2.222536356908189e-08, ""start_v"": 4.43050208126681e-08}}",109.3298930613464,,"{""LED_decap_stored_energy_change_j"": 0.0, ""LED_load_absorbed_j"": 501.79113122280523, ""LED_series_R_loss_j"": 0.0, ""LED_source_generated_j"": 501.79113122280523, ""input_stimulus_generated_j"": 1.0657655893736731e-05, ""logic_decap_stored_energy_change_j"": 0.0, ""logic_joint_load_absorbed_j"": 0.003947784849968943, ""logic_series_R_loss_j"": 0.0, ""logic_source_generated_j"": 330.00394778484997, ""neighbor_stimulus_generated_j"": 0.0, ""reference_B_source_absorbed_j"": 192.76534084143887, ""reference_rail_absorbed_j"": 329.99999999999994}",-0.0,0.2714203689276398,2,post
5.158542720451062e-08,-2.2046801717579e-08,3.299999970509115,[],[2.5010060534495535e-06],0.0,-1.9276501964203707,,100.75278750880979,256,"{""LED_decap_stored_energy_change_j"": 0.0, ""LED_load_absorbed_j"": 2.5792713602255307e-07, ""LED_series_R_loss_j"": 0.0, ""LED_source_generated_j"": 2.5792713602255307e-07, ""input_stimulus_generated_j"": 7.8920273728575335e-19, ""logic_decap_stored_energy_change_j"": 0.0, ""logic_joint_load_absorbed_j"": 2.344612329425553e-14, ""logic_series_R_loss_j"": 0.0, ""logic_source_generated_j"": 1.6896002344612334e-07, ""neighbor_stimulus_generated_j"": 0.0, ""reference_B_source_absorbed_j"": 9.869569006572884e-08, ""reference_rail_absorbed_j"": 1.6895999999999997e-07}",tt,"{""v(bias)"": {""max"": 1.372349803579629, ""min"": 1.372349803227766}, ""v(gate)"": {""max"": 1.372233636557652, ""min"": 1.372233635720883}, ""v(led_a)"": {""max"": 5.0, ""min"": 5.0}, ""v(led_k)"": {""max"": 2.199381376075686, ""min"": 2.199381374937617}, ""v(logic_rail)"": {""max"": 3.3, ""min"": 3.3}, ""v(pwm)"": {""max"": 3.299999977953198, ""min"": 3.299999970509115}}",,0,"[100.75278750889278, 100.75278750872678]",,,10,0.0005120000000000001,"[0.0005145, 0.0010265]",100.7527761343176,192.7650196420371,tt_post_d256,"{""v(bias)"": {""end_v"": 1.3723498034105257, ""start_v"": 1.372349803414025}, ""v(gate)"": {""end_v"": 1.3722336361549827, ""start_v"": 1.3722336361635987}, ""v(led_k)"": {""end_v"": 2.1993813755363307, ""start_v"": 2.199381375537082}, ""v(pwm)"": {""end_v"": 3.299999974311847, ""start_v"": 3.299999974443433}}",100.7527988833203,,"{""LED_decap_stored_energy_change_j"": 0.0, ""LED_load_absorbed_j"": 503.7639375440489, ""LED_series_R_loss_j"": 0.0, ""LED_source_generated_j"": 503.7639375440489, ""input_stimulus_generated_j"": 1.5414115962612367e-09, ""logic_decap_stored_energy_change_j"": 0.0, ""logic_joint_load_absorbed_j"": 4.5793209559092816e-05, ""logic_series_R_loss_j"": 0.0, ""logic_source_generated_j"": 330.0000457932096, ""neighbor_stimulus_generated_j"": 0.0, ""reference_B_source_absorbed_j"": 192.7650196596266, ""reference_rail_absorbed_j"": 329.9999999999999}",-0.0,,0,post
1.8410681422054158e-15,-2.9699999839673112,1.603259957595942e-08,[],[],,-1.4154290559396372,3.595873945827499e-06,3.595836215244952e-06,0,"{""LED_decap_stored_energy_change_j"": 0.0, ""LED_load_absorbed_j"": 8.284806639924372e-15, ""LED_series_R_loss_j"": 0.0, ""LED_source_generated_j"": 8.284806639924372e-15, ""input_stimulus_generated_j"": 0.0, ""logic_decap_stored_energy_change_j"": 0.0, ""logic_joint_load_absorbed_j"": 1.893171888617434e-14, ""logic_series_R_loss_j"": 0.0, ""logic_source_generated_j"": 1.5206401893171895e-07, ""neighbor_stimulus_generated_j"": 0.0, ""reference_B_source_absorbed_j"": 7.246996766414566e-08, ""reference_rail_absorbed_j"": 1.5206400000000003e-07}",ss,"{""v(bias)"": {""max"": 1.554570944060363, ""min"": 1.554570944058965}, ""v(gate)"": {""max"": 0.0001837168357094548, ""min"": 0.0001837168356725819}, ""v(led_a)"": {""max"": 4.5, ""min"": 4.5}, ""v(led_k)"": {""max"": 3.308020324709691, ""min"": 3.308020324709345}, ""v(logic_rail)"": {""max"": 2.97, ""min"": 2.97}, ""v(pwm)"": {""max"": 1.603268888074131e-08, ""min"": 1.603259957595942e-08}}",,0,"[3.5958361880433773e-06, 3.5958362424465265e-06]",,,10,0.0005120000000000001,"[0.0005145, 0.0010265]",3.595802891553923e-06,141.54290559396372,ss_pre_d0,"{""v(bias)"": {""end_v"": 1.5545709440597337, ""start_v"": 1.554570944059823}, ""v(gate)"": {""end_v"": 0.00018371683569264055, ""start_v"": 0.0001837168356899928}, ""v(led_k)"": {""end_v"": 3.308020324709571, ""start_v"": 3.3080203247096054}, ""v(pwm)"": {""end_v"": 1.6032645560471684e-08, ""start_v"": 1.6032640225242945e-08}}",3.595873945827499e-06,,"{""LED_decap_stored_energy_change_j"": 0.0, ""LED_load_absorbed_j"": 1.6181262968602287e-05, ""LED_series_R_loss_j"": 0.0, ""LED_source_generated_j"": 1.6181262968602287e-05, ""input_stimulus_generated_j"": 0.0, ""logic_decap_stored_energy_change_j"": 0.0, ""logic_joint_load_absorbed_j"": 3.697601344955925e-05, ""logic_series_R_loss_j"": 0.0, ""logic_source_generated_j"": 297.0000369760135, ""neighbor_stimulus_generated_j"": 0.0, ""reference_B_source_absorbed_j"": 141.54290559403444, ""reference_rail_absorbed_j"": 297.0}",-0.0,,0,pre
1.9876809836689904e-10,0.03564117508874576,-0.02821869650712442,"[3.5012457979667306e-06, 0.0002595012457976789, 0.0005155012457976808, 0.0007715012457976806, 0.0010275012457976803]","[2.501274010592231e-06, 0.00025850127401171903, 0.00051450127401233, 0.0007705012740123558, 0.001026501274012348]",-0.6842594061087004,-1.405723459266521,104.6102916567319,0.38821894212284963,1,"{""LED_decap_stored_energy_change_j"": 0.0, ""LED_load_absorbed_j"": 8.944564426510455e-10, ""LED_series_R_loss_j"": 0.0, ""LED_source_generated_j"": 8.944564426510455e-10, ""input_stimulus_generated_j"": 5.931261769650006e-15, ""logic_decap_stored_energy_change_j"": 0.0, ""logic_joint_load_absorbed_j"": 1.4896240013624825e-12, ""logic_series_R_loss_j"": 0.0, ""logic_source_generated_j"": 1.520654896240014e-07, ""neighbor_stimulus_generated_j"": 0.0, ""reference_B_source_absorbed_j"": 7.247013070651048e-08, ""reference_rail_absorbed_j"": 1.5206400000000006e-07}",ss,"{""v(bias)"": {""max"": 1.564276540733479, ""min"": 1.240402796438507}, ""v(gate)"": {""max"": 1.555820562154679, ""min"": -0.0005615593498777467}, ""v(led_a)"": {""max"": 4.5, ""min"": 4.5}, ""v(led_k)"": {""max"": 2.751267373549735, ""min"": 1.678220141694978}, ""v(logic_rail)"": {""max"": 2.97, ""min"": 2.97}, ""v(pwm)"": {""max"": 3.005641175088746, ""min"": -0.02821869650712442}}",0.21803743923201613,2,"[0.38821894212753905, 0.3882189421181602]",999.971785324745,255000.02821467497,10,0.0005120000000000001,"[0.0005145, 0.0010265]",-10.86546173736901,140.5723459266521,ss_pre_d1,"{""v(bias)"": {""end_v"": 1.554570944325711, ""start_v"": 1.554570944329937}, ""v(gate)"": {""end_v"": 0.0001837237770141349, ""start_v"": 0.0001837237763034834}, ""v(led_k)"": {""end_v"": 2.74903302424375, ""start_v"": 2.74903302426284}, ""v(pwm)"": {""end_v"": 1.273441684941021e-08, ""start_v"": 1.273120740804454e-08}}",104.6102916567319,,"{""LED_decap_stored_energy_change_j"": 0.0, ""LED_load_absorbed_j"": 1.746985239552823, ""LED_series_R_loss_j"": 0.0, ""LED_source_generated_j"": 1.746985239552823, ""input_stimulus_generated_j"": 1.1584495643847665e-05, ""logic_decap_stored_energy_change_j"": 0.0, ""logic_joint_load_absorbed_j"": 0.002909421877661098, ""logic_series_R_loss_j"": 0.0, ""logic_source_generated_j"": 297.0029094218777, ""neighbor_stimulus_generated_j"": 0.0, ""reference_B_source_absorbed_j"": 141.54322403615325, ""reference_rail_absorbed_j"": 297.00000000000006}",-0.0,0.43990034173917864,2,pre
1.2807436962531372e-08,0.035653932339912764,-0.02822059175753971,"[6.650124579796687e-05, 0.00032250124579762937, 0.000578501245797629, 0.0008345012457976289]","[2.501274010592231e-06, 0.0002585012740117811, 0.0005145012740118175, 0.0007705012740118175, 0.0010265012740118167]",-0.010670608887963784,-1.4057234718194243,104.609980551528,25.014525317444082,64,"{""LED_decap_stored_energy_change_j"": 0.0, ""LED_load_absorbed_j"": 5.763346633139118e-08, ""LED_series_R_loss_j"": 0.0, ""LED_source_generated_j"": 5.763346633139118e-08, ""input_stimulus_generated_j"": 5.932328698950927e-15, ""logic_decap_stored_energy_change_j"": 0.0, ""logic_joint_load_absorbed_j"": 1.490010668428792e-12, ""logic_series_R_loss_j"": 0.0, ""logic_source_generated_j"": 1.5206549001066847e-07, ""neighbor_stimulus_generated_j"": 0.0, ""reference_B_source_absorbed_j"": 7.246726555851306e-08, ""reference_rail_absorbed_j"": 1.5206400000000006e-07}",ss,"{""v(bias)"": {""max"": 1.564276528180576, ""min"": 1.240397345585144}, ""v(gate)"": {""max"": 1.555822194638422, ""min"": -0.0005615143185920906}, ""v(led_a)"": {""max"": 4.5, ""min"": 4.5}, ""v(led_k)"": {""max"": 2.724468473870604, ""min"": 1.678220130595795}, ""v(logic_rail)"": {""max"": 2.97, ""min"": 2.97}, ""v(pwm)"": {""max"": 3.005653932339913, ""min"": -0.02822059175753971}}",0.21804136350177944,2,"[25.014525317444384, 25.01452531744378]",63999.97178581135,192000.02821418847,10,0.0005120000000000001,"[0.0005145, 0.0010265]",-10.86881955970918,140.57234718194243,ss_pre_d64,"{""v(bias)"": {""end_v"": 1.554570944691893, ""start_v"": 1.554570944694529}, ""v(gate)"": {""end_v"": 0.0001837267024670431, ""start_v"": 0.0001837267024923901}, ""v(led_k)"": {""end_v"": 2.722243499829117, ""start_v"": 2.722243499830691}, ""v(pwm)"": {""end_v"": 2.012137473863064e-08, ""start_v"": 2.012147391748632e-08}}",104.609980551528,,"{""LED_decap_stored_energy_change_j"": 0.0, ""LED_load_absorbed_j"": 112.56536392849837, ""LED_series_R_loss_j"": 0.0, ""LED_source_generated_j"": 112.56536392849837, ""input_stimulus_generated_j"": 1.1586579490138528e-05, ""logic_decap_stored_energy_change_j"": 0.0, ""logic_joint_load_absorbed_j"": 0.002910177086774984, ""logic_series_R_loss_j"": 0.0, ""logic_source_generated_j"": 297.0029101770868, ""neighbor_stimulus_generated_j"": 0.0, ""reference_B_source_absorbed_j"": 141.53762804397078, ""reference_rail_absorbed_j"": 297.00000000000006}",-0.0,0.43990045373726305,2,pre
5.1033770194676684e-08,0.03564224658865278,-0.02822026022855639,"[0.0002575012457979664, 0.0005135012457983832, 0.0007695012457974841, 0.001025501245796908]","[2.501274010592231e-06, 0.00025850127401295426, 0.0005145012740139246, 0.0007705012740139821, 0.0010265012740135002]",-0.002561388129418418,-1.4057236860902582,104.6087616126937,99.67533241147788,255,"{""LED_decap_stored_energy_change_j"": 0.0, ""LED_load_absorbed_j"": 2.2965196587604507e-07, ""LED_series_R_loss_j"": 0.0, ""LED_source_generated_j"": 2.2965196587604507e-07, ""input_stimulus_generated_j"": 5.930028485917423e-15, ""logic_decap_stored_energy_change_j"": 0.0, ""logic_joint_load_absorbed_j"": 1.495566437762493e-12, ""logic_series_R_loss_j"": 0.0, ""logic_source_generated_j"": 1.520654955664378e-07, ""neighbor_stimulus_generated_j"": 0.0, ""reference_B_source_absorbed_j"": 7.245857706847504e-08, ""reference_rail_absorbed_j"": 1.5206400000000006e-07}",ss,"{""v(bias)"": {""max"": 1.564276313909742, ""min"": 1.240277847362595}, ""v(gate)"": {""max"": 1.555822389717404, ""min"": -0.0005592789515310281}, ""v(led_a)"": {""max"": 4.5, ""min"": 4.5}, ""v(led_k)"": {""max"": 2.228074824852508, ""min"": 1.678220115707296}, ""v(logic_rail)"": {""max"": 2.97, ""min"": 2.97}, ""v(pwm)"": {""max"": 3.005642246588653, ""min"": -0.02822026022855639}}",0.21803770974045816,2,"[99.67533241147535, 99.67533241148041]",254999.97178292595,1000.0282164980642,10,0.0005120000000000001,"[0.0005145, 0.0010265]",-10.93512483488178,140.57236860902583,ss_pre_d255,"{""v(bias)"": {""end_v"": 1.554571034819678, ""start_v"": 1.554571034375525}, ""v(gate)"": {""end_v"": 0.000185581131872943, ""start_v"": 0.0001855807157340959}, ""v(led_k)"": {""end_v"": 2.225715919540565, ""start_v"": 2.225715919266211}, ""v(pwm)"": {""end_v"": 5.18739371618623e-08, ""start_v"": 4.827737863702545e-08}}",104.6087616126937,,"{""LED_decap_stored_energy_change_j"": 0.0, ""LED_load_absorbed_j"": 448.53899585165044, ""LED_series_R_loss_j"": 0.0, ""LED_source_generated_j"": 448.53899585165044, ""input_stimulus_generated_j"": 1.1582086886557465e-05, ""logic_decap_stored_energy_change_j"": 0.0, ""logic_joint_load_absorbed_j"": 0.0029210281987548685, ""logic_series_R_loss_j"": 0.0, ""logic_source_generated_j"": 297.0029210281988, ""neighbor_stimulus_generated_j"": 0.0, ""reference_B_source_absorbed_j"": 141.5206583368653, ""reference_rail_absorbed_j"": 297.00000000000006}",-0.0,0.43990267960432317,2,pre
5.123521495952672e-08,-4.226680205832167e-08,2.969999957534113,[],[2.501274010592231e-06],0.0,-1.4152016737378932,,100.06877921782562,256,"{""LED_decap_stored_energy_change_j"": 0.0, ""LED_load_absorbed_j"": 2.3055846731787026e-07, ""LED_series_R_loss_j"": 0.0, ""LED_source_generated_j"": 2.3055846731787026e-07, ""input_stimulus_generated_j"": -7.007690599635471e-20, ""logic_decap_stored_energy_change_j"": 0.0, ""logic_joint_load_absorbed_j"": 1.9342875685236082e-14, ""logic_series_R_loss_j"": 0.0, ""logic_source_generated_j"": 1.5206401934287573e-07, ""neighbor_stimulus_generated_j"": 0.0, ""reference_B_source_absorbed_j"": 7.245832570186664e-08, ""reference_rail_absorbed_j"": 1.52064e-07}",ss,"{""v(bias)"": {""max"": 1.554798326262107, ""min"": 1.554798326008727}, ""v(gate)"": {""max"": 1.554681977812253, ""min"": 1.554681976960673}, ""v(led_a)"": {""max"": 4.5, ""min"": 4.5}, ""v(led_k)"": {""max"": 1.678610516174157, ""min"": 1.678610515644883}, ""v(logic_rail)"": {""max"": 2.97, ""min"": 2.97}, ""v(pwm)"": {""max"": 2.969999957733198, ""min"": 2.969999957534113}}",,0,"[100.06877921772039, 100.06877921793082]",,,10,0.0005120000000000001,"[0.0005145, 0.0010265]",100.0687739292642,141.52016737378932,ss_pre_d256,"{""v(bias)"": {""end_v"": 1.554798326088575, ""start_v"": 1.5547983261474725}, ""v(gate)"": {""end_v"": 1.554681977334649, ""start_v"": 1.5546819775436858}, ""v(led_k)"": {""end_v"": 1.6786105159609344, ""start_v"": 1.6786105160073495}, ""v(pwm)"": {""end_v"": 2.9699999576292586, ""start_v"": 2.9699999576702614}}",100.068784507629,,"{""LED_decap_stored_energy_change_j"": 0.0, ""LED_load_absorbed_j"": 450.30950648021525, ""LED_series_R_loss_j"": 0.0, ""LED_source_generated_j"": 450.30950648021525, ""input_stimulus_generated_j"": -1.3686895702413028e-10, ""logic_decap_stored_energy_change_j"": 0.0, ""logic_joint_load_absorbed_j"": 3.7779054072726716e-05, ""logic_series_R_loss_j"": 0.0, ""logic_source_generated_j"": 297.0000377790541, ""neighbor_stimulus_generated_j"": 0.0, ""reference_B_source_absorbed_j"": 141.52016738645824, ""reference_rail_absorbed_j"": 296.99999999999994}",-0.0,,0,pre
1.841160416304888e-15,-2.9699999839148097,1.60850510973248e-08,[],[],,-1.4178469776951952,3.5960515815114387e-06,3.596016438095484e-06,0,"{""LED_decap_stored_energy_change_j"": 0.0, ""LED_load_absorbed_j"": 8.285221873371998e-15, ""LED_series_R_loss_j"": 0.0, ""LED_source_generated_j"": 8.285221873371998e-15, ""input_stimulus_generated_j"": 0.0, ""logic_decap_stored_energy_change_j"": 0.0, ""logic_joint_load_absorbed_j"": 1.8923009107238377e-14, ""logic_series_R_loss_j"": 0.0, ""logic_source_generated_j"": 1.5206401892300917e-07, ""neighbor_stimulus_generated_j"": 0.0, ""reference_B_source_absorbed_j"": 7.259376525820043e-08, ""reference_rail_absorbed_j"": 1.5206400000000003e-07}",ss,"{""v(bias)"": {""max"": 1.552153022304805, ""min"": 1.552153022297197}, ""v(gate)"": {""max"": 1.845225403489163e-10, ""min"": 1.844668929203405e-10}, ""v(led_a)"": {""max"": 4.5, ""min"": 4.5}, ""v(led_k)"": {""max"": 3.308013695837427, ""min"": 3.30801369583722}, ""v(logic_rail)"": {""max"": 2.97, ""min"": 2.97}, ""v(pwm)"": {""max"": 1.608519041389894e-08, ""min"": 1.60850510973248e-08}}",,0,"[3.596016350151387e-06, 3.59601652603958e-06]",,,10,0.0005120000000000001,"[0.0005145, 0.0010265]",3.595980527237863e-06,141.7846977695195,ss_post_d0,"{""v(bias)"": {""end_v"": 1.552153022299724, ""start_v"": 1.5521530223015274}, ""v(gate)"": {""end_v"": 1.8449139041286964e-10, ""start_v"": 1.8449382122251456e-10}, ""v(led_k)"": {""end_v"": 3.308013695837317, ""start_v"": 3.3080136958373423}, ""v(pwm)"": {""end_v"": 1.6085117385258823e-08, ""start_v"": 1.60851202485351e-08}}",3.5960515815114387e-06,,"{""LED_decap_stored_energy_change_j"": 0.0, ""LED_load_absorbed_j"": 1.618207397142968e-05, ""LED_series_R_loss_j"": 0.0, ""LED_source_generated_j"": 1.618207397142968e-05, ""input_stimulus_generated_j"": 0.0, ""logic_decap_stored_energy_change_j"": 0.0, ""logic_joint_load_absorbed_j"": 3.695900216257495e-05, ""logic_series_R_loss_j"": 0.0, ""logic_source_generated_j"": 297.0000369590022, ""neighbor_stimulus_generated_j"": 0.0, ""reference_B_source_absorbed_j"": 141.7846977699227, ""reference_rail_absorbed_j"": 297.0}",-0.0,,0,post
1.9886182032214566e-10,0.03161505365069184,-0.02487653748553319,"[3.501341540020226e-06, 0.00025950134153842686, 0.0005155013415382724, 0.0007715013415382714, 0.0010275013415382717]","[2.501364024149839e-06, 0.00025850136403479115, 0.0005145013640237613, 0.0007705013640257858, 0.0010265013640257874]",-0.6813039741246807,-1.4085122810400041,103.67993726210591,0.3884019928166907,1,"{""LED_decap_stored_energy_change_j"": 0.0, ""LED_load_absorbed_j"": 8.948781914496554e-10, ""LED_series_R_loss_j"": 0.0, ""LED_source_generated_j"": 8.948781914496554e-10, ""input_stimulus_generated_j"": 6.335254509868228e-15, ""logic_decap_stored_energy_change_j"": 0.0, ""logic_joint_load_absorbed_j"": 1.5705210761639949e-12, ""logic_series_R_loss_j"": 0.0, ""logic_source_generated_j"": 1.520655705210762e-07, ""neighbor_stimulus_generated_j"": 0.0, ""reference_B_source_absorbed_j"": 7.259397344224778e-08, ""reference_rail_absorbed_j"": 1.5206400000000006e-07}",ss,"{""v(bias)"": {""max"": 1.561487718959996, ""min"": 1.239973036824038}, ""v(gate)"": {""max"": 1.553034264471126, ""min"": -0.0006271388002646667}, ""v(led_a)"": {""max"": 4.5, ""min"": 4.5}, ""v(led_k)"": {""max"": 2.751223672988214, ""min"": 1.678244277676647}, ""v(logic_rail)"": {""max"": 2.97, ""min"": 2.97}, ""v(pwm)"": {""max"": 3.001615053650692, ""min"": -0.02487653748553319}}",0.23717545614108937,2,"[0.388401993180138, 0.3884019924532433]",999.9775124855696,255000.0224875134,10,0.0005120000000000001,"[0.0005145, 0.0010265]",-10.93606156184444,140.85122810400043,ss_post_d1,"{""v(bias)"": {""end_v"": 1.552153022662627, ""start_v"": 1.552153022593042}, ""v(gate)"": {""end_v"": 7.340177569592289e-09, ""start_v"": 7.339103468329976e-09}, ""v(led_k)"": {""end_v"": 2.748998544142896, ""start_v"": 2.748998543364122}, ""v(pwm)"": {""end_v"": 1.622234137487423e-08, ""start_v"": 1.616481758378202e-08}}",103.67993726210591,,"{""LED_decap_stored_energy_change_j"": 0.0, ""LED_load_absorbed_j"": 1.7478089676751078, ""LED_series_R_loss_j"": 0.0, ""LED_source_generated_j"": 1.7478089676751078, ""input_stimulus_generated_j"": 1.237354396458638e-05, ""logic_decap_stored_energy_change_j"": 0.0, ""logic_joint_load_absorbed_j"": 0.0030674239768828018, ""logic_series_R_loss_j"": 0.0, ""logic_source_generated_j"": 297.00306742397686, ""neighbor_stimulus_generated_j"": 0.0, ""reference_B_source_absorbed_j"": 141.78510437939016, ""reference_rail_absorbed_j"": 297.00000000000006}",-0.0,0.46354034987598075,2,post
1.2813100392655426e-08,0.031622008444496696,-0.02487701767345672,"[6.650134154002008e-05, 0.00032250134153891216, 0.0005785013415389356, 0.0008345013415389358]","[2.501364024149839e-06, 0.00025850136403486325, 0.000514501364023858, 0.000770501364025842, 0.0010265013640258422]",-0.01062507674496338,-1.4085122953493792,103.6799439783868,25.025586704405125,64,"{""LED_decap_stored_energy_change_j"": 0.0, ""LED_load_absorbed_j"": 5.765895176694943e-08, ""LED_series_R_loss_j"": 0.0, ""LED_source_generated_j"": 5.765895176694943e-08, ""input_stimulus_generated_j"": 6.3314683221786956e-15, ""logic_decap_stored_energy_change_j"": 0.0, ""logic_joint_load_absorbed_j"": 1.5709039232217337e-12, ""logic_series_R_loss_j"": 0.0, ""logic_source_generated_j"": 1.5206557090392326e-07, ""neighbor_stimulus_generated_j"": 0.0, ""reference_B_source_absorbed_j"": 7.259397348362628e-08, ""reference_rail_absorbed_j"": 1.5206400000000006e-07}",ss,"{""v(bias)"": {""max"": 1.561487704650621, ""min"": 1.239967593684603}, ""v(gate)"": {""max"": 1.553034016630958, ""min"": -0.000627122264446917}, ""v(led_a)"": {""max"": 4.5, ""min"": 4.5}, ""v(led_k)"": {""max"": 2.724424900883571, ""min"": 1.67824427724321}, ""v(logic_rail)"": {""max"": 2.97, ""min"": 2.97}, ""v(pwm)"": {""max"": 3.001622008444497, ""min"": -0.02487701767345672}}",0.23717542404870506,2,"[25.025586704753074, 25.025586704057183]",63999.97751309382,192000.02248690632,10,0.0005120000000000001,"[0.0005145, 0.0010265]",-10.93955066661843,140.85122953493794,ss_post_d64,"{""v(bias)"": {""end_v"": 1.552153022784017, ""start_v"": 1.552153022684441}, ""v(gate)"": {""end_v"": 9.737991431814814e-09, ""start_v"": 9.667421281711601e-09}, ""v(led_k)"": {""end_v"": 2.72220920272511, ""start_v"": 2.722209201723761}, ""v(pwm)"": {""end_v"": 1.640259828833344e-08, ""start_v"": 1.602816840518947e-08}}",103.6799439783868,,"{""LED_decap_stored_energy_change_j"": 0.0, ""LED_load_absorbed_j"": 112.61514016982309, ""LED_series_R_loss_j"": 0.0, ""LED_source_generated_j"": 112.61514016982309, ""input_stimulus_generated_j"": 1.2366149066755262e-05, ""logic_decap_stored_energy_change_j"": 0.0, ""logic_joint_load_absorbed_j"": 0.0030681717250424477, ""logic_series_R_loss_j"": 0.0, ""logic_source_generated_j"": 297.00306817172503, ""neighbor_stimulus_generated_j"": 0.0, ""reference_B_source_absorbed_j"": 141.78510446020755, ""reference_rail_absorbed_j"": 297.00000000000006}",-0.0,0.4635404520078254,2,post
5.105631835511167e-08,0.0316216548641548,-0.02487397879648646,"[0.00025750134154002026, 0.0005135013415384291, 0.0007695013415397966, 0.0010255013415389304]","[2.501364024149839e-06, 0.0002585013640358813, 0.0005145013640309869, 0.0007705013640258661, 0.0010265013640268128]",-0.0025528673845753858,-1.4085124079332032,103.6801614708819,99.71937178732746,255,"{""LED_decap_stored_energy_change_j"": 0.0, ""LED_load_absorbed_j"": 2.2975343259800252e-07, ""LED_series_R_loss_j"": 0.0, ""LED_source_generated_j"": 2.2975343259800252e-07, ""input_stimulus_generated_j"": 6.331176498941667e-15, ""logic_decap_stored_energy_change_j"": 0.0, ""logic_joint_load_absorbed_j"": 1.5764506205340864e-12, ""logic_series_R_loss_j"": 0.0, ""logic_source_generated_j"": 1.5206557645062058e-07, ""neighbor_stimulus_generated_j"": 0.0, ""reference_B_source_absorbed_j"": 7.259397154235924e-08, ""reference_rail_absorbed_j"": 1.5206400000000006e-07}",ss,"{""v(bias)"": {""max"": 1.561487592066797, ""min"": 1.239847917975957}, ""v(gate)"": {""max"": 1.553034549831242, ""min"": -0.0006248271055086824}, ""v(led_a)"": {""max"": 4.5, ""min"": 4.5}, ""v(led_k)"": {""max"": 2.228037147371209, ""min"": 1.678244273955564}, ""v(logic_rail)"": {""max"": 2.97, ""min"": 2.97}, ""v(pwm)"": {""max"": 3.001621654864155, ""min"": -0.02487397879648646}}",0.23717513218148023,2,"[99.71937178671013, 99.71937178794481]",254999.97750880968,1000.0224860695628,10,0.0005120000000000001,"[0.0005145, 0.0010265]",-11.00844311527093,140.85124079332033,ss_post_d255,"{""v(bias)"": {""end_v"": 1.552153109022181, ""start_v"": 1.552153108782265}, ""v(gate)"": {""end_v"": 1.847100319140343e-06, ""start_v"": 1.84674547058005e-06}, ""v(led_k)"": {""end_v"": 2.225674753660033, ""start_v"": 2.225674751711048}, ""v(pwm)"": {""end_v"": 5.763638004367172e-08, ""start_v"": 5.591548039538163e-08}}",103.6801614708819,,"{""LED_decap_stored_energy_change_j"": 0.0, ""LED_load_absorbed_j"": 448.7371730429736, ""LED_series_R_loss_j"": 0.0, ""LED_source_generated_j"": 448.7371730429736, ""input_stimulus_generated_j"": 1.2365579099495441e-05, ""logic_decap_stored_energy_change_j"": 0.0, ""logic_joint_load_absorbed_j"": 0.0030790051182306368, ""logic_series_R_loss_j"": 0.0, ""logic_source_generated_j"": 297.00307900511825, ""neighbor_stimulus_generated_j"": 0.0, ""reference_B_source_absorbed_j"": 141.78510066867037, ""reference_rail_absorbed_j"": 297.00000000000006}",-0.0,0.46354261531642016,2,post
5.125784775628363e-08,-3.6881240284003525e-08,2.969999952336182,[],[2.501364024149839e-06],0.0,-1.4178469914387912,,100.11298389899144,256,"{""LED_decap_stored_energy_change_j"": 0.0, ""LED_load_absorbed_j"": 2.3066031490327636e-07, ""LED_series_R_loss_j"": 0.0, ""LED_source_generated_j"": 2.3066031490327636e-07, ""input_stimulus_generated_j"": -1.4962905639478563e-19, ""logic_decap_stored_energy_change_j"": 0.0, ""logic_joint_load_absorbed_j"": 1.9322368642618062e-14, ""logic_series_R_loss_j"": 0.0, ""logic_source_generated_j"": 1.520640193223687e-07, ""neighbor_stimulus_generated_j"": 0.0, ""reference_B_source_absorbed_j"": 7.259376596429065e-08, ""reference_rail_absorbed_j"": 1.5206400000000003e-07}",ss,"{""v(bias)"": {""max"": 1.552153008561209, ""min"": 1.552153008451157}, ""v(gate)"": {""max"": 1.552036665601149, ""min"": 1.552036664839177}, ""v(led_a)"": {""max"": 4.5, ""min"": 4.5}, ""v(led_k)"": {""max"": 1.678567414985753, ""min"": 1.678567413428904}, ""v(logic_rail)"": {""max"": 2.97, ""min"": 2.97}, ""v(pwm)"": {""max"": 2.96999996311876, ""min"": 2.969999952336182}}",,0,"[100.11298389832574, 100.1129838996572]",,,10,0.0005120000000000001,"[0.0005145, 0.0010265]",100.1129683364025,141.78469914387912,ss_post_d256,"{""v(bias)"": {""end_v"": 1.552153008552452, ""start_v"": 1.5521530085562625}, ""v(gate)"": {""end_v"": 1.5520366655606075, ""start_v"": 1.5520366655718159}, ""v(led_k)"": {""end_v"": 1.678567414783852, ""start_v"": 1.6785674149267888}, ""v(pwm)"": {""end_v"": 2.9699999596410174, ""start_v"": 2.9699999627113165}}",100.1129994599329,,"{""LED_decap_stored_energy_change_j"": 0.0, ""LED_load_absorbed_j"": 450.5084275454616, ""LED_series_R_loss_j"": 0.0, ""LED_source_generated_j"": 450.5084275454616, ""input_stimulus_generated_j"": -2.9224425077106564e-10, ""logic_decap_stored_energy_change_j"": 0.0, ""logic_joint_load_absorbed_j"": 3.7739001255113396e-05, ""logic_series_R_loss_j"": 0.0, ""logic_source_generated_j"": 297.0000377390013, ""neighbor_stimulus_generated_j"": 0.0, ""reference_B_source_absorbed_j"": 141.78469914900515, ""reference_rail_absorbed_j"": 297.0}",-0.0,,0,post
2.0622152527849384e-15,-3.629999991943771,8.056197566852743e-09,[],[],,-2.4236887123216038,4.027798580774622e-06,4.027764165595582e-06,0,"{""LED_decap_stored_energy_change_j"": 0.0, ""LED_load_absorbed_j"": 1.1342183890317162e-14, ""LED_series_R_loss_j"": 0.0, ""LED_source_generated_j"": 1.1342183890317162e-14, ""input_stimulus_generated_j"": 0.0, ""logic_decap_stored_energy_change_j"": 0.0, ""logic_joint_load_absorbed_j"": 2.846765749665889e-14, ""logic_series_R_loss_j"": 0.0, ""logic_source_generated_j"": 1.8585602846765752e-07, ""neighbor_stimulus_generated_j"": 0.0, ""reference_B_source_absorbed_j"": 1.2409286207090298e-07, ""reference_rail_absorbed_j"": 1.858560000000001e-07}",ff,"{""v(bias)"": {""max"": 1.206311287678396, ""min"": 1.206311287677106}, ""v(gate)"": {""max"": 0.0001837166777327695, ""min"": 0.0001837166777157859}, ""v(led_a)"": {""max"": 5.5, ""min"": 5.5}, ""v(led_k)"": {""max"": 3.952512640898476, ""min"": 3.952512640897154}, ""v(logic_rail)"": {""max"": 3.63, ""min"": 3.63}, ""v(pwm)"": {""max"": 8.056228912022342e-09, ""min"": 8.056197566852743e-09}}",,0,"[4.02776440759589e-06, 4.027763923595274e-06]",,,10,0.0005120000000000001,"[0.0005145, 0.0010265]",4.027709762932652e-06,242.3688712321604,ff_pre_d0,"{""v(bias)"": {""end_v"": 1.2063112876780004, ""start_v"": 1.2063112876777695}, ""v(gate)"": {""end_v"": 0.0001837166777237182, ""start_v"": 0.0001837166777242808}, ""v(led_k)"": {""end_v"": 3.9525126408981737, ""start_v"": 3.9525126408972544}, ""v(pwm)"": {""end_v"": 8.056211371829917e-09, ""start_v"": 8.056213220718662e-09}}",4.027798580774622e-06,,"{""LED_decap_stored_energy_change_j"": 0.0, ""LED_load_absorbed_j"": 2.2152702910775705e-05, ""LED_series_R_loss_j"": 0.0, ""LED_source_generated_j"": 2.2152702910775705e-05, ""input_stimulus_generated_j"": 0.0, ""logic_decap_stored_energy_change_j"": 0.0, ""logic_joint_load_absorbed_j"": 5.5600893548161884e-05, ""logic_series_R_loss_j"": 0.0, ""logic_source_generated_j"": 363.0000556008936, ""neighbor_stimulus_generated_j"": 0.0, ""reference_B_source_absorbed_j"": 242.36887123223235, ""reference_rail_absorbed_j"": 363.00000000000017}",-0.0,,0,pre
2.0232631858578788e-10,0.01651691504897901,-0.01105214780833912,"[3.5008982844289624e-06, 0.0002595008982845464, 0.0005155008982843701, 0.0007715008982845307, 0.0010275008982846448]","[2.500794453031172e-06, 0.0002585007944500449, 0.0005145007944538988, 0.0007705007944500456, 0.0010265007944500442]",-0.18809882113599574,-2.41278270191797,118.2755304331966,0.3951685909878669,1,"{""LED_decap_stored_energy_change_j"": 0.0, ""LED_load_absorbed_j"": 1.112794752221833e-09, ""LED_series_R_loss_j"": 0.0, ""LED_source_generated_j"": 1.112794752221833e-09, ""input_stimulus_generated_j"": 4.37900833111773e-15, ""logic_decap_stored_energy_change_j"": 0.0, ""logic_joint_load_absorbed_j"": 2.5451713657966525e-12, ""logic_series_R_loss_j"": 0.0, ""logic_source_generated_j"": 1.8585854517136584e-07, ""neighbor_stimulus_generated_j"": 0.0, ""reference_B_source_absorbed_j"": 1.2409295777275888e-07, ""reference_rail_absorbed_j"": 1.858560000000001e-07}",ff,"{""v(bias)"": {""max"": 1.21721729808203, ""min"": 0.8063783523599451}, ""v(gate)"": {""max"": 1.206940060554617, ""min"": -3.411297425437468e-05}, ""v(led_a)"": {""max"": 5.5, ""min"": 5.5}, ""v(led_k)"": {""max"": 3.539302448815707, ""min"": 2.70880420793677}, ""v(logic_rail)"": {""max"": 3.63, ""min"": 3.63}, ""v(pwm)"": {""max"": 3.646516915048979, ""min"": -0.01105214780833912}}",0.09608639892858678,2,"[0.3951685909438169, 0.39516859103191687]",1000.1038304712633,254999.8961656755,10,0.0005120000000000001,"[0.0005145, 0.0010265]",-17.609365470383008,241.27827019179702,ff_pre_d1,"{""v(bias)"": {""end_v"": 1.206311287859134, ""start_v"": 1.206311288069525}, ""v(gate)"": {""end_v"": 0.0001837187286787569, ""start_v"": 0.0001837192780581719}, ""v(led_k)"": {""end_v"": 3.538193757488332, ""start_v"": 3.538193757841273}, ""v(pwm)"": {""end_v"": 7.045665118327172e-09, ""start_v"": 1.022666300487369e-08}}",118.2755304331966,,"{""LED_decap_stored_energy_change_j"": 0.0, ""LED_load_absorbed_j"": 2.1734272504332672, ""LED_series_R_loss_j"": 0.0, ""LED_source_generated_j"": 2.1734272504332672, ""input_stimulus_generated_j"": 8.552750646714316e-06, ""logic_decap_stored_energy_change_j"": 0.0, ""logic_joint_load_absorbed_j"": 0.004971037823821587, ""logic_series_R_loss_j"": 0.0, ""logic_source_generated_j"": 363.00497103782385, ""neighbor_stimulus_generated_j"": 0.0, ""reference_B_source_absorbed_j"": 242.36905814991965, ""reference_rail_absorbed_j"": 363.00000000000017}",-0.0,0.17745038164568294,2,pre
1.2972904789986121e-08,0.016531558745668917,-0.0110521778627775,"[6.650089828442527e-05, 0.000322500898284395, 0.0005785008982843737, 0.000834500898284388]","[2.500794453031172e-06, 0.0002585007944500606, 0.000514500794453927, 0.0007705007944500613, 0.0010265007944539161]",-0.0029460490177268817,-2.412782715756962,118.27500029591151,25.337704667941637,64,"{""LED_decap_stored_energy_change_j"": 0.0, ""LED_load_absorbed_j"": 7.135097634492367e-08, ""LED_series_R_loss_j"": 0.0, ""LED_source_generated_j"": 7.135097634492367e-08, ""input_stimulus_generated_j"": 4.377052967825645e-15, ""logic_decap_stored_energy_change_j"": 0.0, ""logic_joint_load_absorbed_j"": 2.5456251976686762e-12, ""logic_series_R_loss_j"": 0.0, ""logic_source_generated_j"": 1.858585456251977e-07, ""neighbor_stimulus_generated_j"": 0.0, ""reference_B_source_absorbed_j"": 1.2409006197558852e-07, ""reference_rail_absorbed_j"": 1.858560000000001e-07}",ff,"{""v(bias)"": {""max"": 1.217217284243038, ""min"": 0.8063762153733524}, ""v(gate)"": {""max"": 1.206940657743209, ""min"": -3.411084825461059e-05}, ""v(led_a)"": {""max"": 5.5, ""min"": 5.5}, ""v(led_k)"": {""max"": 3.518959303292173, ""min"": 2.708804194197943}, ""v(logic_rail)"": {""max"": 3.63, ""min"": 3.63}, ""v(pwm)"": {""max"": 3.646531558745669, ""min"": -0.0110521778627775}}",0.09608526994886457,2,"[25.33770466790021, 25.33770466798307]",64000.103830446664,191999.89616568765,10,0.0005120000000000001,"[0.0005145, 0.0010265]",-17.61182906659005,241.2782715756962,ff_pre_d64,"{""v(bias)"": {""end_v"": 1.206311288174022, ""start_v"": 1.206311287851629}, ""v(gate)"": {""end_v"": 0.0001837202009355005, ""start_v"": 0.0001837193371184975}, ""v(led_k)"": {""end_v"": 3.517853084762177, ""start_v"": 3.517853084063684}, ""v(pwm)"": {""end_v"": 1.050429273668314e-08, ""start_v"": 6.343531340562338e-09}}",118.27500029591151,,"{""LED_decap_stored_energy_change_j"": 0.0, ""LED_load_absorbed_j"": 139.357375673679, ""LED_series_R_loss_j"": 0.0, ""LED_source_generated_j"": 139.357375673679, ""input_stimulus_generated_j"": 8.548931577784462e-06, ""logic_decap_stored_energy_change_j"": 0.0, ""logic_joint_load_absorbed_j"": 0.004971924214196633, ""logic_series_R_loss_j"": 0.0, ""logic_source_generated_j"": 363.0049719242142, ""neighbor_stimulus_generated_j"": 0.0, ""reference_B_source_absorbed_j"": 242.36340229607129, ""reference_rail_absorbed_j"": 363.00000000000017}",-0.0,0.17745041449700877,2,pre
5.169005193342824e-08,0.016529267708957907,-0.0110464044443375,"[0.0002575008982844193, 0.0005135008982841302, 0.0007695008982840766, 0.0010255008982840777]","[2.500794453031172e-06, 0.0002585007944503714, 0.0005145007944503755, 0.0007705007944503765, 0.0010265007944503764]",-0.0007514249834805753,-2.412782934739954,118.27416868506019,100.95713268247701,255,"{""LED_decap_stored_energy_change_j"": 0.0, ""LED_load_absorbed_j"": 2.842952856338553e-07, ""LED_series_R_loss_j"": 0.0, ""LED_source_generated_j"": 2.842952856338553e-07, ""input_stimulus_generated_j"": 4.376679226213956e-15, ""logic_decap_stored_energy_change_j"": 0.0, ""logic_joint_load_absorbed_j"": 2.551091109752281e-12, ""logic_series_R_loss_j"": 0.0, ""logic_source_generated_j"": 1.8585855109110978e-07, ""neighbor_stimulus_generated_j"": 0.0, ""reference_B_source_absorbed_j"": 1.240812816081702e-07, ""reference_rail_absorbed_j"": 1.858560000000001e-07}",ff,"{""v(bias)"": {""max"": 1.217217065260046, ""min"": 0.806330518915135}, ""v(gate)"": {""max"": 1.206940670772646, ""min"": -3.341280327443927e-05}, ""v(led_a)"": {""max"": 5.5, ""min"": 5.5}, ""v(led_k)"": {""max"": 3.141829820102171, ""min"": 2.708804247419851}, ""v(logic_rail)"": {""max"": 3.63, ""min"": 3.63}, ""v(pwm)"": {""max"": 3.646529267708958, ""min"": -0.0110464044443375}}",0.09608279623318783,2,"[100.9571326824769, 100.95713268247712]",255000.10383370108,999.8961662999227,10,0.0005120000000000001,"[0.0005145, 0.0010265]",-17.65515455444518,241.2782934739954,ff_pre_d255,"{""v(bias)"": {""end_v"": 1.206311338789426, ""start_v"": 1.206311338791948}, ""v(gate)"": {""end_v"": 0.0001842817180130034, ""start_v"": 0.0001842817181697081}, ""v(led_k)"": {""end_v"": 3.140655123217037, ""start_v"": 3.140655123209673}, ""v(pwm)"": {""end_v"": 2.013070970035969e-08, ""start_v"": 2.012988695687497e-08}}",118.27416868506019,,"{""LED_decap_stored_energy_change_j"": 0.0, ""LED_load_absorbed_j"": 555.2642297536236, ""LED_series_R_loss_j"": 0.0, ""LED_source_generated_j"": 555.2642297536236, ""input_stimulus_generated_j"": 8.548201613699131e-06, ""logic_decap_stored_energy_change_j"": 0.0, ""logic_joint_load_absorbed_j"": 0.004982599823734922, ""logic_series_R_loss_j"": 0.0, ""logic_source_generated_j"": 363.00498259982373, ""neighbor_stimulus_generated_j"": 0.0, ""reference_B_source_absorbed_j"": 242.3462531409574, ""reference_rail_absorbed_j"": 363.00000000000017}",-0.0,0.17745060748499547,2,pre
5.1893147957520154e-08,-1.3757784689261143e-08,3.629999973853371,[],[2.500794453031172e-06],0.0,-2.423458892209467,,101.35380460453153,256,"{""LED_decap_stored_energy_change_j"": 0.0, ""LED_load_absorbed_j"": 2.8541231376636083e-07, ""LED_series_R_loss_j"": 0.0, ""LED_source_generated_j"": 2.8541231376636083e-07, ""input_stimulus_generated_j"": -2.4911389768601497e-19, ""logic_decap_stored_energy_change_j"": 0.0, ""logic_joint_load_absorbed_j"": 2.924968963145218e-14, ""logic_series_R_loss_j"": 0.0, ""logic_source_generated_j"": 1.8585602924968966e-07, ""neighbor_stimulus_generated_j"": 0.0, ""reference_B_source_absorbed_j"": 1.2408109529508527e-07, ""reference_rail_absorbed_j"": 1.8585600000000007e-07}",ff,"{""v(bias)"": {""max"": 1.206541107790533, ""min"": 1.206541107246107}, ""v(gate)"": {""max"": 1.206424951177973, ""min"": 1.206424950099953}, ""v(led_a)"": {""max"": 5.5, ""min"": 5.5}, ""v(led_k)"": {""max"": 2.70986860116517, ""min"": 2.70986860077726}, ""v(logic_rail)"": {""max"": 3.63, ""min"": 3.63}, ""v(pwm)"": {""max"": 3.629999986242215, ""min"": 3.629999973853371}}",,0,"[101.35380460457586, 101.35380460448721]",,,10,0.0005120000000000001,"[0.0005145, 0.0010265]",101.35380072623869,242.3458892209467,ff_pre_d256,"{""v(bias)"": {""end_v"": 1.2065411075357124, ""start_v"": 1.206541107611091}, ""v(gate)"": {""end_v"": 1.2064249506976175, ""start_v"": 1.2064249508226672}, ""v(led_k)"": {""end_v"": 2.7098686010249993, ""start_v"": 2.7098686010373094}, ""v(pwm)"": {""end_v"": 3.629999981058848, ""start_v"": 3.6299999821598194}}",101.3538084830206,,"{""LED_decap_stored_energy_change_j"": 0.0, ""LED_load_absorbed_j"": 557.4459253249235, ""LED_series_R_loss_j"": 0.0, ""LED_source_generated_j"": 557.4459253249235, ""input_stimulus_generated_j"": -4.865505814179979e-10, ""logic_decap_stored_energy_change_j"": 0.0, ""logic_joint_load_absorbed_j"": 5.7128300061430034e-05, ""logic_series_R_loss_j"": 0.0, ""logic_source_generated_j"": 363.00005712830006, ""neighbor_stimulus_generated_j"": 0.0, ""reference_B_source_absorbed_j"": 242.34588924821338, ""reference_rail_absorbed_j"": 363.0000000000001}",-0.0,,0,pre
2.062309075117952e-15,-3.629999991884057,8.115906459200682e-09,[],[],,-2.426098622606097,4.027993980026956e-06,4.02794741233975e-06,0,"{""LED_decap_stored_energy_change_j"": 0.0, ""LED_load_absorbed_j"": 1.1342699913148739e-14, ""LED_series_R_loss_j"": 0.0, ""LED_source_generated_j"": 1.1342699913148739e-14, ""input_stimulus_generated_j"": 0.0, ""logic_decap_stored_energy_change_j"": 0.0, ""logic_joint_load_absorbed_j"": 2.84501221181231e-14, ""logic_series_R_loss_j"": 0.0, ""logic_source_generated_j"": 1.8585602845012214e-07, ""neighbor_stimulus_generated_j"": 0.0, ""reference_B_source_absorbed_j"": 1.2421624947754803e-07, ""reference_rail_absorbed_j"": 1.858560000000001e-07}",ff,"{""v(bias)"": {""max"": 1.203901377393903, ""min"": 1.203901377390267}, ""v(gate)"": {""max"": 2.151436337719074e-11, ""min"": 2.150050627776786e-11}, ""v(led_a)"": {""max"": 5.5, ""min"": 5.5}, ""v(led_k)"": {""max"": 3.952507513238325, ""min"": 3.952507513237988}, ""v(logic_rail)"": {""max"": 3.63, ""min"": 3.63}, ""v(pwm)"": {""max"": 8.115943082886455e-09, ""min"": 8.115906459200682e-09}}",,0,"[4.027947314884649e-06, 4.027947509794849e-06]",,,10,0.0005120000000000001,"[0.0005145, 0.0010265]",4.027887398616592e-06,242.60986226060973,ff_post_d0,"{""v(bias)"": {""end_v"": 1.2039013773911296, ""start_v"": 1.2039013773916958}, ""v(gate)"": {""end_v"": 2.1507686572872464e-11, ""start_v"": 2.150707664826293e-11}, ""v(led_k)"": {""end_v"": 3.952507513238125, ""start_v"": 3.952507513238114}, ""v(pwm)"": {""end_v"": 8.115924645994162e-09, ""start_v"": 8.115923469928597e-09}}",4.027993980026956e-06,,"{""LED_decap_stored_energy_change_j"": 0.0, ""LED_load_absorbed_j"": 2.2153710767868626e-05, ""LED_series_R_loss_j"": 0.0, ""LED_source_generated_j"": 2.2153710767868626e-05, ""input_stimulus_generated_j"": 0.0, ""logic_decap_stored_energy_change_j"": 0.0, ""logic_joint_load_absorbed_j"": 5.556664476195918e-05, ""logic_series_R_loss_j"": 0.0, ""logic_source_generated_j"": 363.00005556664473, ""neighbor_stimulus_generated_j"": 0.0, ""reference_B_source_absorbed_j"": 242.60986226083594, ""reference_rail_absorbed_j"": 363.00000000000017}",-0.0,,0,post
2.0246377120594223e-10,0.015102962411805088,-0.01024970191643406,"[3.500936976953492e-06, 0.00025950093697655593, 0.000515500936976556, 0.0007715009369765554, 0.0010275009369765558]","[2.500835862060846e-06, 0.0002585008358622609, 0.0005145008358622612, 0.0007705008358622609, 0.0010265008358622612]",-0.18881929068846892,-2.415818171495904,115.8006122256144,0.3954370531366059,1,"{""LED_decap_stored_energy_change_j"": 0.0, ""LED_load_absorbed_j"": 1.1135507416326822e-09, ""LED_series_R_loss_j"": 0.0, ""LED_source_generated_j"": 1.1135507416326822e-09, ""input_stimulus_generated_j"": 4.8063206476345835e-15, ""logic_decap_stored_energy_change_j"": 0.0, ""logic_joint_load_absorbed_j"": 2.65718401069753e-12, ""logic_series_R_loss_j"": 0.0, ""logic_source_generated_j"": 1.8585865718401076e-07, ""neighbor_stimulus_generated_j"": 0.0, ""reference_B_source_absorbed_j"": 1.2421639093900743e-07, ""reference_rail_absorbed_j"": 1.8585600000000007e-07}",ff,"{""v(bias)"": {""max"": 1.214181828504096, ""min"": 0.8035674631889387}, ""v(gate)"": {""max"": 1.204246454193604, ""min"": -0.0001911881559941938}, ""v(led_a)"": {""max"": 5.5, ""min"": 5.5}, ""v(led_k)"": {""max"": 3.53927251555355, ""min"": 2.708890724769225}, ""v(logic_rail)"": {""max"": 3.63, ""min"": 3.63}, ""v(pwm)"": {""max"": 3.645102962411805, ""min"": -0.01024970191643406}}",0.103580819268978,2,"[0.3954370531364547, 0.395437053136757]",1000.101114294479,254999.89888570493,10,0.0005120000000000001,"[0.0005145, 0.0010265]",-18.24747993273764,241.58181714959042,ff_post_d1,"{""v(bias)"": {""end_v"": 1.203901377595196, ""start_v"": 1.203901377594653}, ""v(gate)"": {""end_v"": 2.285606165395313e-09, ""start_v"": 2.285654731537328e-09}, ""v(led_k)"": {""end_v"": 3.538170824763403, ""start_v"": 3.538170824769267}, ""v(pwm)"": {""end_v"": 7.871842538343137e-09, ""start_v"": 7.87207934017119e-09}}",115.8006122256144,,"{""LED_decap_stored_energy_change_j"": 0.0, ""LED_load_absorbed_j"": 2.174903792251332, ""LED_series_R_loss_j"": 0.0, ""LED_source_generated_j"": 2.174903792251332, ""input_stimulus_generated_j"": 9.387345014911294e-06, ""logic_decap_stored_energy_change_j"": 0.0, ""logic_joint_load_absorbed_j"": 0.005189812520893612, ""logic_series_R_loss_j"": 0.0, ""logic_source_generated_j"": 363.00518981252094, ""neighbor_stimulus_generated_j"": 0.0, ""reference_B_source_absorbed_j"": 242.61013855274885, ""reference_rail_absorbed_j"": 363.0000000000001}",-0.0,0.18582814020201566,2,post
1.2981810308910662e-08,0.01510252559193015,-0.01024970219300934,"[6.650093697695242e-05, 0.00032250093697658777, 0.0005785009369765874, 0.0008345009369765877]","[2.500835862060846e-06, 0.0002585008358622753, 0.0005145008358622753, 0.000770500835862275, 0.0010265008358622766]",-0.0029573995754872406,-2.415818181153252,115.8006435356445,25.35509825959113,64,"{""LED_decap_stored_energy_change_j"": 0.0, ""LED_load_absorbed_j"": 7.139995669900864e-08, ""LED_series_R_loss_j"": 0.0, ""LED_source_generated_j"": 7.139995669900864e-08, ""input_stimulus_generated_j"": 4.804519561954087e-15, ""logic_decap_stored_energy_change_j"": 0.0, ""logic_joint_load_absorbed_j"": 2.65763755586146e-12, ""logic_series_R_loss_j"": 0.0, ""logic_source_generated_j"": 1.8585865763755587e-07, ""neighbor_stimulus_generated_j"": 0.0, ""reference_B_source_absorbed_j"": 1.2421639097077611e-07, ""reference_rail_absorbed_j"": 1.8585600000000007e-07}",ff,"{""v(bias)"": {""max"": 1.214181818846748, ""min"": 0.8035652140198536}, ""v(gate)"": {""max"": 1.204246573434949, ""min"": -0.0001911857484595532}, ""v(led_a)"": {""max"": 5.5, ""min"": 5.5}, ""v(led_k)"": {""max"": 3.51892953667842, ""min"": 2.708890723584013}, ""v(logic_rail)"": {""max"": 3.63, ""min"": 3.63}, ""v(pwm)"": {""max"": 3.64510252559193, ""min"": -0.01024970219300934}}",0.10358085797499555,2,"[25.355098259590747, 25.355098259591514]",64000.101114312056,191999.89888568767,10,0.0005120000000000001,"[0.0005145, 0.0010265]",-18.250359154292138,241.58181811532523,ff_post_d64,"{""v(bias)"": {""end_v"": 1.203901377658289, ""start_v"": 1.203901377657684}, ""v(gate)"": {""end_v"": 2.978316849807154e-09, ""start_v"": 2.978445269108182e-09}, ""v(led_k)"": {""end_v"": 3.517830248414056, ""start_v"": 3.517830248402332}, ""v(pwm)"": {""end_v"": 7.915865785346604e-09, ""start_v"": 7.916439681984432e-09}}",115.8006435356445,,"{""LED_decap_stored_energy_change_j"": 0.0, ""LED_load_absorbed_j"": 139.45304042775123, ""LED_series_R_loss_j"": 0.0, ""LED_source_generated_j"": 139.45304042775123, ""input_stimulus_generated_j"": 9.383827269441576e-06, ""logic_decap_stored_energy_change_j"": 0.0, ""logic_joint_load_absorbed_j"": 0.005190698351291914, ""logic_series_R_loss_j"": 0.0, ""logic_source_generated_j"": 363.00519069835127, ""neighbor_stimulus_generated_j"": 0.0, ""reference_B_source_absorbed_j"": 242.61013861479705, ""reference_rail_absorbed_j"": 363.0000000000001}",-0.0,0.18582815711556955,2,post
5.172553982070989e-08,0.015101809221159002,-0.01024968690484101,"[0.000257500936976951, 0.000513500936976581, 0.0007695009369765809, 0.0010255009369765805]","[2.500835862060846e-06, 0.00025850083586254275, 0.0005145008358625429, 0.0007705008358625434, 0.0010265008358625429]",-0.0007546916884759725,-2.415818316124681,115.80062187059251,101.02644496232398,255,"{""LED_decap_stored_energy_change_j"": 0.0, ""LED_load_absorbed_j"": 2.844904690139044e-07, ""LED_series_R_loss_j"": 0.0, ""LED_source_generated_j"": 2.844904690139044e-07, ""input_stimulus_generated_j"": 4.8048692144734926e-15, ""logic_decap_stored_energy_change_j"": 0.0, ""logic_joint_load_absorbed_j"": 2.6630848140665916e-12, ""logic_series_R_loss_j"": 0.0, ""logic_source_generated_j"": 1.8585866308481412e-07, ""neighbor_stimulus_generated_j"": 0.0, ""reference_B_source_absorbed_j"": 1.242163900277928e-07, ""reference_rail_absorbed_j"": 1.8585600000000007e-07}",ff,"{""v(bias)"": {""max"": 1.214181683875319, ""min"": 0.8035195307425512}, ""v(gate)"": {""max"": 1.204246570676401, ""min"": -0.0001906005115042739}, ""v(led_a)"": {""max"": 5.5, ""min"": 5.5}, ""v(led_k)"": {""max"": 3.14180279767669, ""min"": 2.708890724420276}, ""v(logic_rail)"": {""max"": 3.63, ""min"": 3.63}, ""v(pwm)"": {""max"": 3.645101809221159, ""min"": -0.01024968690484101}}",0.10358083336360624,2,"[101.02644496232239, 101.02644496232557]",255000.1011140371,999.8988859625255,10,0.0005120000000000001,"[0.0005145, 0.0010265]",-18.30235556907485,241.5818316124681,ff_post_d255,"{""v(bias)"": {""end_v"": 1.20390142587665, ""start_v"": 1.203901425875028}, ""v(gate)"": {""end_v"": 5.552211715168431e-07, ""start_v"": 5.552213242062472e-07}, ""v(led_k)"": {""end_v"": 3.140631008587991, ""start_v"": 3.14063100858648}, ""v(pwm)"": {""end_v"": 2.128155973708226e-08, ""start_v"": 2.128216773649305e-08}}",115.80062187059251,,"{""LED_decap_stored_energy_change_j"": 0.0, ""LED_load_absorbed_j"": 555.6454472927819, ""LED_series_R_loss_j"": 0.0, ""LED_source_generated_j"": 555.6454472927819, ""input_stimulus_generated_j"": 9.38451018451854e-06, ""logic_decap_stored_energy_change_j"": 0.0, ""logic_joint_load_absorbed_j"": 0.0052013375274738115, ""logic_series_R_loss_j"": 0.0, ""logic_source_generated_j"": 363.0052013375275, ""neighbor_stimulus_generated_j"": 0.0, ""reference_B_source_absorbed_j"": 242.6101367730328, ""reference_rail_absorbed_j"": 363.0000000000001}",-0.0,0.1858285202148771,2,post
5.1928776977072525e-08,-1.6060564878017658e-08,3.629999976194681,[],[2.500835862060846e-06],0.0,-2.426098630357214,,101.42339253334475,256,"{""LED_decap_stored_energy_change_j"": 0.0, ""LED_load_absorbed_j"": 2.8560827337389893e-07, ""LED_series_R_loss_j"": 0.0, ""LED_source_generated_j"": 2.8560827337389893e-07, ""input_stimulus_generated_j"": 3.598109329184081e-19, ""logic_decap_stored_energy_change_j"": 0.0, ""logic_joint_load_absorbed_j"": 2.920981717208247e-14, ""logic_series_R_loss_j"": 0.0, ""logic_source_generated_j"": 1.858560292098172e-07, ""neighbor_stimulus_generated_j"": 0.0, ""reference_B_source_absorbed_j"": 1.2421624987808235e-07, ""reference_rail_absorbed_j"": 1.8585600000000007e-07}",ff,"{""v(bias)"": {""max"": 1.203901369642786, ""min"": 1.203901369493806}, ""v(gate)"": {""max"": 1.203785213141725, ""min"": 1.203785212289727}, ""v(led_a)"": {""max"": 5.5, ""min"": 5.5}, ""v(led_k)"": {""max"": 2.709816655360329, ""min"": 2.709816655154588}, ""v(logic_rail)"": {""max"": 3.63, ""min"": 3.63}, ""v(pwm)"": {""max"": 3.629999983939435, ""min"": 3.629999976194681}}",,0,"[101.4233925334816, 101.42339253320795]",,,10,0.0005120000000000001,"[0.0005145, 0.0010265]",101.4233904808731,242.60986303572142,ff_post_d256,"{""v(bias)"": {""end_v"": 1.203901369596877, ""start_v"": 1.2039013695917722}, ""v(gate)"": {""end_v"": 1.203785212853116, ""start_v"": 1.2037852128808924}, ""v(led_k)"": {""end_v"": 2.7098166552833844, ""start_v"": 2.7098166552960334}, ""v(pwm)"": {""end_v"": 3.6299999804141065, ""start_v"": 3.629999981569106}}",101.4233945864245,,"{""LED_decap_stored_energy_change_j"": 0.0, ""LED_load_absorbed_j"": 557.8286589333962, ""LED_series_R_loss_j"": 0.0, ""LED_source_generated_j"": 557.8286589333962, ""input_stimulus_generated_j"": 7.027557283562657e-10, ""logic_decap_stored_energy_change_j"": 0.0, ""logic_joint_load_absorbed_j"": 5.7050424164223565e-05, ""logic_series_R_loss_j"": 0.0, ""logic_source_generated_j"": 363.0000570504242, ""neighbor_stimulus_generated_j"": 0.0, ""reference_B_source_absorbed_j"": 242.60986304312956, ""reference_rail_absorbed_j"": 363.0000000000001}",-0.0,,0,post
2.009987392787431e-10,0.023638012249063145,-0.01671794286639282,"[3.5010650331971553e-06, 0.0002595010650332449, 0.0005155010650331794, 0.0007715010650332449, 0.0010275010650330515]","[2.5010060521603876e-06, 0.0002585010060544205, 0.0005145010060537866, 0.0007705010060543217, 0.0010265010060537887]",-0.251524424985361,-1.9173447035968298,109.3295197514833,0.39257566265379507,1,"{""LED_decap_stored_energy_change_j"": 0.0, ""LED_load_absorbed_j"": 1.0049936963937152e-09, ""LED_series_R_loss_j"": 0.0, ""LED_source_generated_j"": 1.0049936963937152e-09, ""input_stimulus_generated_j"": 5.443703039801096e-15, ""logic_decap_stored_energy_change_j"": 0.0, ""logic_joint_load_absorbed_j"": 2.0157791897393864e-12, ""logic_series_R_loss_j"": 0.0, ""logic_source_generated_j"": 1.6896201577918977e-07, ""neighbor_stimulus_generated_j"": 0.0, ""reference_B_source_absorbed_j"": 9.869585570411313e-08, ""reference_rail_absorbed_j"": 1.689600000000001e-07}",tt,"{""v(bias)"": {""max"": 1.38265529640317, ""min"": 0.9866302414461608}, ""v(gate)"": {""max"": 1.372992109783437, ""min"": -0.000373445806916571}, ""v(led_a)"": {""max"": 5.0, ""min"": 5.0}, ""v(led_k)"": {""max"": 3.106337713364283, ""min"": 2.198769510795351}, ""v(logic_rail)"": {""max"": 3.3, ""min"": 3.3}, ""v(pwm)"": {""max"": 3.323638012249063, ""min"": -0.01671794286639282}}",0.1444420548880193,2,"[0.3925756628408324, 0.39257566246675774]",1000.0589789232235,254999.9410211423,1,0.0005120000000000001,"[0.0005145, 0.0010265]",-15.59129552823543,191.734470359683,tt_post_d1_fine,"{""v(bias)"": {""end_v"": 1.372349813677867, ""start_v"": 1.372349813682446}, ""v(gate)"": {""end_v"": 3.484305774012929e-09, ""start_v"": 3.484313365802255e-09}, ""v(led_k)"": {""end_v"": 3.104672783581944, ""start_v"": 3.104672783580163}, ""v(pwm)"": {""end_v"": 1.060154227863904e-08, ""start_v"": 1.060151135991325e-08}}",109.3295197514833,,"{""LED_decap_stored_energy_change_j"": 0.0, ""LED_load_absorbed_j"": 1.9628783132689747, ""LED_series_R_loss_j"": 0.0, ""LED_source_generated_j"": 1.9628783132689747, ""input_stimulus_generated_j"": 1.0632232499611514e-05, ""logic_decap_stored_energy_change_j"": 0.0, ""logic_joint_load_absorbed_j"": 0.003937068729959739, ""logic_series_R_loss_j"": 0.0, ""logic_source_generated_j"": 330.00393706872995, ""neighbor_stimulus_generated_j"": 0.0, ""reference_B_source_absorbed_j"": 192.76534317209592, ""reference_rail_absorbed_j"": 330.00000000000017}",-0.0,0.27141958147160195,2,post
1.988618185460913e-10,0.031623495507284716,-0.02487721965346482,"[3.5013415394015502e-06, 0.0002595013415396767, 0.0005155013415396766, 0.0007715013415396766, 0.001027501341539677]","[2.5013640236715188e-06, 0.00025850136402528405, 0.0005145013640254231, 0.0007705013640254271, 0.0010265013640254283]",-0.6813048611496564,-1.4085122952552303,103.67990106954579,0.38840198934783454,1,"{""LED_decap_stored_energy_change_j"": 0.0, ""LED_load_absorbed_j"": 8.948781834574109e-10, ""LED_series_R_loss_j"": 0.0, ""LED_source_generated_j"": 8.948781834574109e-10, ""input_stimulus_generated_j"": 6.319646677577256e-15, ""logic_decap_stored_energy_change_j"": 0.0, ""logic_joint_load_absorbed_j"": 1.570522688203425e-12, ""logic_series_R_loss_j"": 0.0, ""logic_source_generated_j"": 1.5206557052268824e-07, ""neighbor_stimulus_generated_j"": 0.0, ""reference_B_source_absorbed_j"": 7.259397344216371e-08, ""reference_rail_absorbed_j"": 1.5206400000000003e-07}",ss,"{""v(bias)"": {""max"": 1.56148770474477, ""min"": 1.239973091911406}, ""v(gate)"": {""max"": 1.553033940291068, ""min"": -0.0006270903220487614}, ""v(led_a)"": {""max"": 4.5, ""min"": 4.5}, ""v(led_k)"": {""max"": 2.751223577026734, ""min"": 1.678244279635779}, ""v(logic_rail)"": {""max"": 2.97, ""min"": 2.97}, ""v(pwm)"": {""max"": 3.001623495507285, ""min"": -0.02487721965346482}}",0.2371764425482259,2,"[0.3884019893484975, 0.3884019893471716]",999.9775142494581,255000.02248575058,1,0.0005120000000000001,"[0.0005145, 0.0010265]",-10.936062600586869,140.85122952552305,ss_post_d1_fine,"{""v(bias)"": {""end_v"": 1.552153022644162, ""start_v"": 1.552153022645073}, ""v(gate)"": {""end_v"": 7.306667491349845e-09, ""start_v"": 7.306648126748544e-09}, ""v(led_k)"": {""end_v"": 2.748998462051301, ""start_v"": 2.7489984620474}, ""v(pwm)"": {""end_v"": 1.62638863184391e-08, ""start_v"": 1.626385302409682e-08}}",103.67990106954579,,"{""LED_decap_stored_energy_change_j"": 0.0, ""LED_load_absorbed_j"": 1.7478089520652555, ""LED_series_R_loss_j"": 0.0, ""LED_source_generated_j"": 1.7478089520652555, ""input_stimulus_generated_j"": 1.2343059917143076e-05, ""logic_decap_stored_energy_change_j"": 0.0, ""logic_joint_load_absorbed_j"": 0.003067427125397314, ""logic_series_R_loss_j"": 0.0, ""logic_source_generated_j"": 297.0030674271254, ""neighbor_stimulus_generated_j"": 0.0, ""reference_B_source_absorbed_j"": 141.78510437922597, ""reference_rail_absorbed_j"": 297.0}",-0.0,0.46354027701759476,2,post
2.0246377108489518e-10,0.015121635223237284,-0.01025028700337944,"[3.5009369767849083e-06, 0.0002595009369767655, 0.0005155009369767655, 0.0007715009369767651, 0.0010275009369767653]","[2.500835861984581e-06, 0.0002585008358621628, 0.0005145008358621627, 0.0007705008358621622, 0.0010265008358621625]",-0.18881935036261233,-2.41581821844235,115.8007539534172,0.3954370529001858,1,"{""LED_decap_stored_energy_change_j"": 0.0, ""LED_load_absorbed_j"": 1.1135507409669234e-09, ""LED_series_R_loss_j"": 0.0, ""LED_source_generated_j"": 1.1135507409669234e-09, ""input_stimulus_generated_j"": 4.788732980041572e-15, ""logic_decap_stored_energy_change_j"": 0.0, ""logic_joint_load_absorbed_j"": 2.657180304426229e-12, ""logic_series_R_loss_j"": 0.0, ""logic_source_generated_j"": 1.8585865718030446e-07, ""neighbor_stimulus_generated_j"": 0.0, ""reference_B_source_absorbed_j"": 1.242163909389785e-07, ""reference_rail_absorbed_j"": 1.85856e-07}",ff,"{""v(bias)"": {""max"": 1.21418178155765, ""min"": 0.80356710930187}, ""v(gate)"": {""max"": 1.204246015363579, ""min"": -0.0001911926250412932}, ""v(led_a)"": {""max"": 5.5, ""min"": 5.5}, ""v(led_k)"": {""max"": 3.539272457696685, ""min"": 2.708890766174888}, ""v(logic_rail)"": {""max"": 3.63, ""min"": 3.63}, ""v(pwm)"": {""max"": 3.645121635223237, ""min"": -0.01025028700337944}}",0.10358641245114542,2,"[0.3954370529001335, 0.39543705290023823]",1000.1011146028261,254999.8988853967,1,0.0005120000000000001,"[0.0005145, 0.0010265]",-18.24818035132299,241.58182184423498,ff_post_d1_fine,"{""v(bias)"": {""end_v"": 1.203901377584616, ""start_v"": 1.203901377581782}, ""v(gate)"": {""end_v"": 2.172528338274347e-09, ""start_v"": 2.172515667218012e-09}, ""v(led_k)"": {""end_v"": 3.538170758128119, ""start_v"": 3.538170758122699}, ""v(pwm)"": {""end_v"": 8.16135500952044e-09, ""start_v"": 8.161331921916347e-09}}",115.8007539534172,,"{""LED_decap_stored_energy_change_j"": 0.0, ""LED_load_absorbed_j"": 2.174903790951022, ""LED_series_R_loss_j"": 0.0, ""LED_source_generated_j"": 2.174903790951022, ""input_stimulus_generated_j"": 9.352994101643693e-06, ""logic_decap_stored_energy_change_j"": 0.0, ""logic_joint_load_absorbed_j"": 0.005189805282082478, ""logic_series_R_loss_j"": 0.0, ""logic_source_generated_j"": 363.00518980528204, ""neighbor_stimulus_generated_j"": 0.0, ""reference_B_source_absorbed_j"": 242.61013855269232, ""reference_rail_absorbed_j"": 362.99999999999994}",-0.0,0.18582882173150128,2,post
1.9882434085250417e-10,0.02896201243573371,-0.02332819049774855,"[3.5013797789630885e-06, 0.00025950137977876164, 0.0005155013797792077, 0.0007715013797792077, 0.0010275013797791928]","[2.501431360496781e-06, 0.0002585014313650332, 0.0005145014313613221, 0.0007705014313632778, 0.0010265014313634371]",-0.7001333742800875,-1.4054616814567922,103.794050643499,0.3883287907275471,1,"{""LED_decap_stored_energy_change_j"": 0.0, ""LED_load_absorbed_j"": 8.947095338362688e-10, ""LED_series_R_loss_j"": 0.0, ""LED_source_generated_j"": 8.947095338362688e-10, ""input_stimulus_generated_j"": 6.382804622658534e-15, ""logic_decap_stored_energy_change_j"": 0.0, ""logic_joint_load_absorbed_j"": 1.7596518399594611e-12, ""logic_series_R_loss_j"": 0.0, ""logic_source_generated_j"": 1.5206575965184e-07, ""neighbor_stimulus_generated_j"": 0.0, ""reference_B_source_absorbed_j"": 7.25925895896795e-08, ""reference_rail_absorbed_j"": 1.5206400000000006e-07}",ss,"{""v(bias)"": {""max"": 1.564538318543208, ""min"": 1.241010877785188}, ""v(gate)"": {""max"": 1.553064253138012, ""min"": -0.0006813235210954116}, ""v(led_a)"": {""max"": 4.5, ""min"": 4.5}, ""v(led_k)"": {""max"": 2.751202363182841, ""min"": 1.67823768024696}, ""v(logic_rail)"": {""max"": 2.97, ""min"": 2.97}, ""v(pwm)"": {""max"": 2.998962012435734, ""min"": -0.02332819049774855}}",0.26384193842297204,2,"[0.3883287906850649, 0.3883287907700294]",999.9484159298926,255000.05158407014,10,0.0005120000000000001,"[0.0005145, 0.0010265]",-10.495321848461229,140.54616814567922,ss_hrhc_d1,"{""v(bias)"": {""end_v"": 1.552180193690345, ""start_v"": 1.552180193660373}, ""v(gate)"": {""end_v"": 7.813968745860673e-09, ""start_v"": 7.796210164234e-09}, ""v(led_k)"": {""end_v"": 2.748964682497574, ""start_v"": 2.748964682473465}, ""v(pwm)"": {""end_v"": 1.891589704232049e-08, ""start_v"": 1.845908756081382e-08}}",103.794050643499,hrhc,"{""LED_decap_stored_energy_change_j"": 0.0, ""LED_load_absorbed_j"": 1.7474795582739622, ""LED_series_R_loss_j"": 0.0, ""LED_source_generated_j"": 1.7474795582739622, ""input_stimulus_generated_j"": 1.2466415278629947e-05, ""logic_decap_stored_energy_change_j"": 0.0, ""logic_joint_load_absorbed_j"": 0.003436819999920822, ""logic_series_R_loss_j"": 0.0, ""logic_source_generated_j"": 297.00343682, ""neighbor_stimulus_generated_j"": 0.0, ""reference_B_source_absorbed_j"": 141.78240154234274, ""reference_rail_absorbed_j"": 297.00000000000006}",-0.0,0.5249819550433299,2,post
5.125790495780744e-08,-4.141092313503236e-08,2.96999995679244,[],[2.501431360496781e-06],0.0,-1.4178198205371892,,100.11309562071764,256,"{""LED_decap_stored_energy_change_j"": 0.0, ""LED_load_absorbed_j"": 2.3066057231013348e-07, ""LED_series_R_loss_j"": 0.0, ""LED_source_generated_j"": 2.3066057231013348e-07, ""input_stimulus_generated_j"": 9.096710933743817e-19, ""logic_decap_stored_energy_change_j"": 0.0, ""logic_joint_load_absorbed_j"": 1.9321781531324424e-14, ""logic_series_R_loss_j"": 0.0, ""logic_source_generated_j"": 1.520640193217816e-07, ""neighbor_stimulus_generated_j"": 0.0, ""reference_B_source_absorbed_j"": 7.25923748189457e-08, ""reference_rail_absorbed_j"": 1.5206400000000003e-07}",ss,"{""v(bias)"": {""max"": 1.552180179462811, ""min"": 1.552180179171787}, ""v(gate)"": {""max"": 1.552045776160924, ""min"": 1.552045775550253}, ""v(led_a)"": {""max"": 4.5, ""min"": 4.5}, ""v(led_k)"": {""max"": 1.67856730575762, ""min"": 1.678567304833711}, ""v(logic_rail)"": {""max"": 2.97, ""min"": 2.97}, ""v(pwm)"": {""max"": 2.969999958589077, ""min"": 2.96999995679244}}",,0,"[100.11309562050117, 100.11309562093412]",,,10,0.0005120000000000001,"[0.0005145, 0.0010265]",100.1130863875003,141.78198205371893,ss_hrhc_d256,"{""v(bias)"": {""end_v"": 1.5521801792889884, ""start_v"": 1.5521801792746315}, ""v(gate)"": {""end_v"": 1.5520457758040058, ""start_v"": 1.5520457757611472}, ""v(led_k)"": {""end_v"": 1.6785673052124521, ""start_v"": 1.6785673051557146}, ""v(pwm)"": {""end_v"": 2.969999957513453, ""start_v"": 2.9699999574176448}}",100.1131048526586,hrhc,"{""LED_decap_stored_energy_change_j"": 0.0, ""LED_load_absorbed_j"": 450.50893029322935, ""LED_series_R_loss_j"": 0.0, ""LED_source_generated_j"": 450.50893029322935, ""input_stimulus_generated_j"": 1.776701354246839e-09, ""logic_decap_stored_energy_change_j"": 0.0, ""logic_joint_load_absorbed_j"": 3.773785455336801e-05, ""logic_series_R_loss_j"": 0.0, ""logic_source_generated_j"": 297.0000377378546, ""neighbor_stimulus_generated_j"": 0.0, ""reference_B_source_absorbed_j"": 141.7819820682533, ""reference_rail_absorbed_j"": 297.0}",-0.0,,0,post
2.0246816801047816e-10,0.01563888977742911,-0.01046584063626736,"[3.5009285156954107e-06, 0.0002595009285158321, 0.0005155009285152422, 0.0007715009285158552, 0.001027500928515614]","[2.500823306734739e-06, 0.0002585008233062761, 0.000514500823306565, 0.0007705008233100168, 0.0010265008233111168]",-0.18624254110244376,-2.41635598697109,116.2728901124393,0.39544564064546506,1,"{""LED_decap_stored_energy_change_j"": 0.0, ""LED_load_absorbed_j"": 1.1135749240576302e-09, ""LED_series_R_loss_j"": 0.0, ""LED_source_generated_j"": 1.1135749240576302e-09, ""input_stimulus_generated_j"": 4.7969664578497e-15, ""logic_decap_stored_energy_change_j"": 0.0, ""logic_joint_load_absorbed_j"": 2.5651667450871205e-12, ""logic_series_R_loss_j"": 0.0, ""logic_source_generated_j"": 1.8585856516674514e-07, ""neighbor_stimulus_generated_j"": 0.0, ""reference_B_source_absorbed_j"": 1.242175235854518e-07, ""reference_rail_absorbed_j"": 1.8585600000000007e-07}",ff,"{""v(bias)"": {""max"": 1.21364401302891, ""min"": 0.8036490089610385}, ""v(gate)"": {""max"": 1.204252254372593, ""min"": -0.0001940422486902981}, ""v(led_a)"": {""max"": 5.5, ""min"": 5.5}, ""v(led_k)"": {""max"": 3.539199266814456, ""min"": 2.708869106180376}, ""v(logic_rail)"": {""max"": 3.63, ""min"": 3.63}, ""v(pwm)"": {""max"": 3.645638889777429, ""min"": -0.01046584063626736}}",0.09880897825203377,2,"[0.3954456406266545, 0.39544564066427584]",1000.105205838423,254999.89479477453,10,0.0005120000000000001,"[0.0005145, 0.0010265]",-18.57132858598294,241.635598697109,ff_lrlc_d1,"{""v(bias)"": {""end_v"": 1.203879228381422, ""start_v"": 1.203879228444837}, ""v(gate)"": {""end_v"": 2.042000061661704e-09, ""start_v"": 2.916589125024139e-09}, ""v(led_k)"": {""end_v"": 3.538183663512081, ""start_v"": 3.538183667249705}, ""v(pwm)"": {""end_v"": 9.800131172377103e-09, ""start_v"": 1.118918689134352e-08}}",116.2728901124393,lrlc,"{""LED_decap_stored_energy_change_j"": 0.0, ""LED_load_absorbed_j"": 2.174951023550059, ""LED_series_R_loss_j"": 0.0, ""LED_source_generated_j"": 2.174951023550059, ""input_stimulus_generated_j"": 9.369075112987693e-06, ""logic_decap_stored_energy_change_j"": 0.0, ""logic_joint_load_absorbed_j"": 0.005010091298998281, ""logic_series_R_loss_j"": 0.0, ""logic_source_generated_j"": 363.0050100912991, ""neighbor_stimulus_generated_j"": 0.0, ""reference_B_source_absorbed_j"": 242.6123507528355, ""reference_rail_absorbed_j"": 363.0000000000001}",-0.0,0.1758531777227429,2,post
5.1928564087997903e-08,-1.4307103057831227e-08,3.629999974454848,[],[2.500823306734739e-06],0.0,-2.426120779693675,,101.42297673437089,256,"{""LED_decap_stored_energy_change_j"": 0.0, ""LED_load_absorbed_j"": 2.856071024839885e-07, ""LED_series_R_loss_j"": 0.0, ""LED_source_generated_j"": 2.856071024839885e-07, ""input_stimulus_generated_j"": 2.742027372456589e-16, ""logic_decap_stored_energy_change_j"": 0.0, ""logic_joint_load_absorbed_j"": 2.9138894509890495e-14, ""logic_series_R_loss_j"": 0.0, ""logic_source_generated_j"": 1.8585602913889455e-07, ""neighbor_stimulus_generated_j"": 0.0, ""reference_B_source_absorbed_j"": 1.2421738392853284e-07, ""reference_rail_absorbed_j"": 1.858560000000001e-07}",ff,"{""v(bias)"": {""max"": 1.203879220306325, ""min"": 1.20387921998575}, ""v(gate)"": {""max"": 1.203781124727373, ""min"": 1.203781121976742}, ""v(led_a)"": {""max"": 5.5, ""min"": 5.5}, ""v(led_k)"": {""max"": 2.709816967279696, ""min"": 2.709816963805814}, ""v(logic_rail)"": {""max"": 3.63, ""min"": 3.63}, ""v(pwm)"": {""max"": 3.629999985692897, ""min"": 3.629999974454848}}",,0,"[101.42297673428035, 101.42297673446143]",,,10,0.0005120000000000001,"[0.0005145, 0.0010265]",101.4229419942208,242.61207796936753,ff_lrlc_d256,"{""v(bias)"": {""end_v"": 1.2038792201016626, ""start_v"": 1.2038792201140776}, ""v(gate)"": {""end_v"": 1.203781123311199, ""start_v"": 1.2037811229477249}, ""v(led_k)"": {""end_v"": 2.709816965888758, ""start_v"": 2.7098169660536224}, ""v(pwm)"": {""end_v"": 3.6299999813584103, ""start_v"": 3.6299999817216286}}",101.4230114747133,lrlc,"{""LED_decap_stored_energy_change_j"": 0.0, ""LED_load_absorbed_j"": 557.8263720390399, ""LED_series_R_loss_j"": 0.0, ""LED_source_generated_j"": 557.8263720390399, ""input_stimulus_generated_j"": 5.355522211829275e-07, ""logic_decap_stored_energy_change_j"": 0.0, ""logic_joint_load_absorbed_j"": 5.691190333962986e-05, ""logic_series_R_loss_j"": 0.0, ""logic_source_generated_j"": 363.00005691190336, ""neighbor_stimulus_generated_j"": 0.0, ""reference_B_source_absorbed_j"": 242.61207798541565, ""reference_rail_absorbed_j"": 363.00000000000017}",-0.0,,0,post
