LED_anode_v,bias_v,current_uA,envelope,level,load_power_uW,logic_pin_v,name,pwm_v,reference_uA,view
5.0,1.374761027742323,3.607855264542437e-06,tt,0,1.8039276322712183e-05,3.3,dc_tt_pre_0,1.046704241214116e-08,100.0,pre
5.0,1.374989431722395,100.6954012532225,tt,1,503.47700626611254,3.3,dc_tt_pre_1,3.29999997418852,100.0,pre
5.0,1.372349813443397,3.6080151366579827e-06,tt,0,1.8040075683289917e-05,3.3,dc_tt_post_0,1.052082769338498e-08,100.0,post
5.0,1.372349803400368,100.7527875076021,tt,1,503.7639375380105,3.3,dc_tt_post_1,3.299999974240036,100.0,post
4.5,1.554570944059338,3.595838418690711e-06,ss,0,1.61812728841082e-05,2.97,dc_ss_pre_0,1.603264373202594e-08,100.0,pre
4.5,1.554798326138031,100.0687792183667,ss,1,450.3095064826502,2.97,dc_ss_pre_1,2.969999957632356,100.0,pre
4.5,1.552153022303322,3.596016054374651e-06,ss,0,1.618207224468593e-05,2.97,dc_ss_post_0,1.608512059775645e-08,100.0,post
4.5,1.552153008507988,100.11298389691541,ss,1,450.5084275361193,2.97,dc_ss_post_1,2.969999957728096,100.0,post
5.5,1.206311287677835,4.027727526501046e-06,ff,0,2.2152501395755753e-05,3.63,dc_ff_pre_0,8.056213354500852e-09,100.0,pre
5.5,1.206541107518505,101.3538046047362,ff,1,557.4459253260491,3.63,dc_ff_pre_1,3.629999980050483,100.0,pre
5.5,1.203901377391567,4.027958452890168e-06,ff,0,2.2153771490895924e-05,3.63,dc_ff_post_0,8.115924423957608e-09,100.0,post
5.5,1.203901369567734,101.42339253288489,ff,1,557.8286589308669,3.63,dc_ff_post_1,3.629999980072009,100.0,post
