LED_load_charge_c,PWM_above_live_logic_max_v,PWM_below_ground_min_v,PWM_voltage_50pct_fall_s,PWM_voltage_50pct_rise_s,bias_above_reference_rail_max_v,command_low_peak_LED_branch_current_uA,current_uA,duty,energies_j,envelope,extrema,fall_70_30_ns,fall_edges_in_window,frame_average_currents_uA,high_pulse_min_ns,left_s,low_pulse_min_ns,maxstep_ns,measurement_duration_s,measurement_window_s,minimum_LED_branch_current_uA,minimum_reference_B_source_power_absorbed_uW,name,observed_endpoints,peak_LED_branch_current_uA,post_rc_style,powers_uW,reference_B_source_active_delivery_energy_j,right_s,rise_30_70_ns,rise_edges_in_window,stop_s,view
1.0042479889076406e-10,0.026243953353338956,-0.01854078357803673,[3.5010069973796456e-06],[2.5009473488059458e-06],-1.9144519227766088,111.2056372527838,5.738559936615089,1,"{""LED_decap_stored_energy_change_j"": 0.0, ""LED_load_absorbed_j"": 5.021239944538203e-10, ""LED_series_R_loss_j"": 0.0, ""LED_source_generated_j"": 5.021239944538203e-10, ""input_stimulus_generated_j"": 2.478314959840407e-15, ""logic_decap_stored_energy_change_j"": 0.0, ""logic_joint_load_absorbed_j"": 9.552964265611089e-13, ""logic_series_R_loss_j"": 0.0, ""logic_source_generated_j"": 5.775955296426562e-09, ""neighbor_stimulus_generated_j"": 0.0, ""reference_B_source_absorbed_j"": 3.3692295128608708e-09, ""reference_rail_absorbed_j"": 5.774999999999999e-09}",tt,"{""v(bias)"": {""max"": 1.385548077223391, ""min"": 0.9884800573010423}, ""v(gate)"": {""max"": 1.375730675851044, ""min"": -0.0002541300153029138}, ""v(led_a)"": {""max"": 5.0, ""min"": 5.0}, ""v(led_k)"": {""max"": 3.575623625394357, ""min"": 2.198705577233798}, ""v(logic_rail)"": {""max"": 3.3, ""min"": 3.3}, ""v(pwm)"": {""max"": 3.326243953353339, ""min"": -0.01854078357803673}}",0.1342472448124691,1,[],1000.0596485736997,2.5e-06,,2,1.7500000000000002e-05,"[2.5e-06, 2e-05]",-15.2083087993625,191.44519227766088,short_tt_pre,"{""v(bias)"": {""end_v"": 1.374761031224673, ""start_v"": 1.374761027744794}, ""v(gate)"": {""end_v"": 0.0001837710313753216, ""start_v"": 0.0001837166674084921}, ""v(led_k)"": {""end_v"": 2.888668139541396, ""start_v"": 3.5738186963198}, ""v(pwm)"": {""end_v"": 4.668747105752071e-09, ""start_v"": 1.046704864801325e-08}}",111.2056372527838,,"{""LED_decap_stored_energy_change_j"": 0.0, ""LED_load_absorbed_j"": 28.692799683075442, ""LED_series_R_loss_j"": 0.0, ""LED_source_generated_j"": 28.692799683075442, ""input_stimulus_generated_j"": 0.0001416179977051661, ""logic_decap_stored_energy_change_j"": 0.0, ""logic_joint_load_absorbed_j"": 0.05458836723206336, ""logic_series_R_loss_j"": 0.0, ""logic_source_generated_j"": 330.0545883672321, ""neighbor_stimulus_generated_j"": 0.0, ""reference_B_source_absorbed_j"": 192.52740073490688, ""reference_rail_absorbed_j"": 329.9999999999999}",-0.0,2e-05,0.2585170036994138,1,2e-05,pre
1.0048064716557648e-10,0.023652570762078273,-0.01671177142044952,[3.5010650332532996e-06],[2.5010060533887696e-06],-1.9173485207973298,109.3297318051113,5.7417512666043695,1,"{""LED_decap_stored_energy_change_j"": 0.0, ""LED_load_absorbed_j"": 5.024032358278824e-10, ""LED_series_R_loss_j"": 0.0, ""LED_source_generated_j"": 5.024032358278824e-10, ""input_stimulus_generated_j"": 2.7228902852734755e-15, ""logic_decap_stored_energy_change_j"": 0.0, ""logic_joint_load_absorbed_j"": 1.0040723590533819e-12, ""logic_series_R_loss_j"": 0.0, ""logic_source_generated_j"": 5.776004072359053e-09, ""neighbor_stimulus_generated_j"": 0.0, ""reference_B_source_absorbed_j"": 3.3734718621959358e-09, ""reference_rail_absorbed_j"": 5.774999999999999e-09}",tt,"{""v(bias)"": {""max"": 1.38265147920267, ""min"": 0.9867124242637954}, ""v(gate)"": {""max"": 1.372991920735322, ""min"": -0.0003735734636475541}, ""v(led_a)"": {""max"": 5.0, ""min"": 5.0}, ""v(led_k)"": {""max"": 3.575610723747058, ""min"": 2.1987694715803}, ""v(logic_rail)"": {""max"": 3.3, ""min"": 3.3}, ""v(pwm)"": {""max"": 3.323652570762078, ""min"": -0.01671177142044952}}",0.14443671656281912,1,[],1000.05897986453,2.5e-06,,2,1.7500000000000002e-05,"[2.5e-06, 2e-05]",-15.5245493633914,191.734852079733,short_tt_post,"{""v(bias)"": {""end_v"": 1.372349817912003, ""start_v"": 1.372349813445102}, ""v(gate)"": {""end_v"": 5.59184776002763e-08, ""start_v"": 1.50314599909169e-11}, ""v(led_k)"": {""end_v"": 2.888642680630606, ""start_v"": 3.573812236833887}, ""v(pwm)"": {""end_v"": 2.346629104262353e-08, ""start_v"": 1.052083564181681e-08}}",109.3297318051113,,"{""LED_decap_stored_energy_change_j"": 0.0, ""LED_load_absorbed_j"": 28.708756333021846, ""LED_series_R_loss_j"": 0.0, ""LED_source_generated_j"": 28.708756333021846, ""input_stimulus_generated_j"": 0.00015559373058705574, ""logic_decap_stored_energy_change_j"": 0.0, ""logic_joint_load_absorbed_j"": 0.05737556337447896, ""logic_series_R_loss_j"": 0.0, ""logic_source_generated_j"": 330.0573755633744, ""neighbor_stimulus_generated_j"": 0.0, ""reference_B_source_absorbed_j"": 192.7698206969106, ""reference_rail_absorbed_j"": 329.9999999999999}",-0.0,2e-05,0.2714175708902474,1,2e-05,post
9.932712434055101e-11,0.03565565261010262,-0.02822029581073954,[3.5012457962354787e-06],[2.501274011535342e-06],-1.4057231534621752,104.6106934837124,5.675835676602914,1,"{""LED_decap_stored_energy_change_j"": 0.0, ""LED_load_absorbed_j"": 4.469720595324795e-10, ""LED_series_R_loss_j"": 0.0, ""LED_source_generated_j"": 4.469720595324795e-10, ""input_stimulus_generated_j"": 2.963509992359844e-15, ""logic_decap_stored_energy_change_j"": 0.0, ""logic_joint_load_absorbed_j"": 7.422555402159692e-13, ""logic_series_R_loss_j"": 0.0, ""logic_source_generated_j"": 5.198242255540217e-09, ""neighbor_stimulus_generated_j"": 0.0, ""reference_B_source_absorbed_j"": 2.47708383535695e-09, ""reference_rail_absorbed_j"": 5.197500000000001e-09}",ss,"{""v(bias)"": {""max"": 1.564276846537825, ""min"": 1.240499183948326}, ""v(gate)"": {""max"": 1.555822001649688, ""min"": -0.0005618995007405284}, ""v(led_a)"": {""max"": 4.5, ""min"": 4.5}, ""v(led_k)"": {""max"": 3.310485627571857, ""min"": 1.678220137285859}, ""v(logic_rail)"": {""max"": 2.97, ""min"": 2.97}, ""v(pwm)"": {""max"": 3.005655652610103, ""min"": -0.02822029581073954}}",0.21803652574806362,1,[],999.9717847001366,2.5e-06,,2,1.7500000000000002e-05,"[2.5e-06, 2e-05]",-10.79990440198651,140.57231534621752,short_ss_pre,"{""v(bias)"": {""end_v"": 1.554570949481055, ""start_v"": 1.554570944065281}, ""v(gate)"": {""end_v"": 0.0001838283200113757, ""start_v"": 0.0001837168356867128}, ""v(led_k)"": {""end_v"": 2.490552061721031, ""start_v"": 3.308020324758007}, ""v(pwm)"": {""end_v"": 1.552200606941457e-08, ""start_v"": 1.603261670816378e-08}}",104.6106934837124,,"{""LED_decap_stored_energy_change_j"": 0.0, ""LED_load_absorbed_j"": 25.54126054471311, ""LED_series_R_loss_j"": 0.0, ""LED_source_generated_j"": 25.54126054471311, ""input_stimulus_generated_j"": 0.0001693434281348482, ""logic_decap_stored_energy_change_j"": 0.0, ""logic_joint_load_absorbed_j"": 0.04241460229805538, ""logic_series_R_loss_j"": 0.0, ""logic_source_generated_j"": 297.04241460229804, ""neighbor_stimulus_generated_j"": 0.0, ""reference_B_source_absorbed_j"": 141.54764773468284, ""reference_rail_absorbed_j"": 297.0}",-0.0,2e-05,0.4398984946330653,1,2e-05,pre
9.937400381771783e-11,0.03162527528886283,-0.02487602126316047,[3.5013415396899827e-06],[2.501364025065117e-06],-1.4085120173322763,103.6799639435896,5.6785145038695894,1,"{""LED_decap_stored_energy_change_j"": 0.0, ""LED_load_absorbed_j"": 4.4718301717973014e-10, ""LED_series_R_loss_j"": 0.0, ""LED_source_generated_j"": 4.4718301717973014e-10, ""input_stimulus_generated_j"": 3.1607381160161504e-15, ""logic_decap_stored_energy_change_j"": 0.0, ""logic_joint_load_absorbed_j"": 7.839017535835022e-13, ""logic_series_R_loss_j"": 0.0, ""logic_source_generated_j"": 5.198283901753585e-09, ""neighbor_stimulus_generated_j"": 0.0, ""reference_B_source_absorbed_j"": 2.4813377522378202e-09, ""reference_rail_absorbed_j"": 5.197500000000001e-09}",ss,"{""v(bias)"": {""max"": 1.561487982667724, ""min"": 1.240069362362361}, ""v(gate)"": {""max"": 1.55303383224008, ""min"": -0.0006273804288018216}, ""v(led_a)"": {""max"": 4.5, ""min"": 4.5}, ""v(led_k)"": {""max"": 3.310471493248667, ""min"": 1.678244276497737}, ""v(logic_rail)"": {""max"": 2.97, ""min"": 2.97}, ""v(pwm)"": {""max"": 3.001625275288863, ""min"": -0.02487602126316047}}",0.23717399257784727,1,[],999.9775146248656,2.5e-06,,2,1.7500000000000002e-05,"[2.5e-06, 2e-05]",-10.868056305573731,140.85120173322764,short_ss_post,"{""v(bias)"": {""end_v"": 1.552153027573007, ""start_v"": 1.552153022305099}, ""v(gate)"": {""end_v"": 1.109245753933545e-07, ""start_v"": 1.84469975871473e-10}, ""v(led_k)"": {""end_v"": 2.490518831200267, ""start_v"": 3.308013695828128}, ""v(pwm)"": {""end_v"": 1.850055064574055e-08, ""start_v"": 1.60850371591535e-08}}",103.6799639435896,,"{""LED_decap_stored_energy_change_j"": 0.0, ""LED_load_absorbed_j"": 25.55331526741315, ""LED_series_R_loss_j"": 0.0, ""LED_source_generated_j"": 25.55331526741315, ""input_stimulus_generated_j"": 0.0001806136066294943, ""logic_decap_stored_energy_change_j"": 0.0, ""logic_joint_load_absorbed_j"": 0.04479438591905727, ""logic_series_R_loss_j"": 0.0, ""logic_source_generated_j"": 297.0447943859191, ""neighbor_stimulus_generated_j"": 0.0, ""reference_B_source_absorbed_j"": 141.790728699304, ""reference_rail_absorbed_j"": 297.0}",-0.0,2e-05,0.4635384749274709,1,2e-05,post
1.0115027027629353e-10,0.016519861753552245,-0.01104247492036571,[3.5008982842996188e-06],[2.50079445486069e-06],-2.412785724966727,118.2742201812719,5.7800154443596305,1,"{""LED_decap_stored_energy_change_j"": 0.0, ""LED_load_absorbed_j"": 5.563264865196143e-10, ""LED_series_R_loss_j"": 0.0, ""LED_source_generated_j"": 5.563264865196143e-10, ""input_stimulus_generated_j"": 2.1865176761858704e-15, ""logic_decap_stored_energy_change_j"": 0.0, ""logic_joint_load_absorbed_j"": 1.2650641495502581e-12, ""logic_series_R_loss_j"": 0.0, ""logic_source_generated_j"": 6.353765064149551e-09, ""neighbor_stimulus_generated_j"": 0.0, ""reference_B_source_absorbed_j"": 4.2415038227044814e-09, ""reference_rail_absorbed_j"": 6.3525e-09}",ff,"{""v(bias)"": {""max"": 1.217214275033273, ""min"": 0.8064149482055147}, ""v(gate)"": {""max"": 1.206940176688726, ""min"": -3.406976046395253e-05}, ""v(led_a)"": {""max"": 5.5, ""min"": 5.5}, ""v(led_k)"": {""max"": 3.953680224787297, ""min"": 2.708804251567089}, ""v(logic_rail)"": {""max"": 3.63, ""min"": 3.63}, ""v(pwm)"": {""max"": 3.646519861753552, ""min"": -0.01104247492036571}}",0.09608300584038447,1,[],1000.1038294389289,2.5e-06,,2,1.7500000000000002e-05,"[2.5e-06, 2e-05]",-17.55805789379568,241.27857249667272,short_ff_pre,"{""v(bias)"": {""end_v"": 1.206311290822772, ""start_v"": 1.206311287681172}, ""v(gate)"": {""end_v"": 0.0001837508985620722, ""start_v"": 0.0001837166777231181}, ""v(led_k)"": {""end_v"": 3.341870299877786, ""start_v"": 3.952512640842164}, ""v(pwm)"": {""end_v"": 9.830002620608383e-09, ""start_v"": 8.05620562947981e-09}}",118.2742201812719,,"{""LED_decap_stored_energy_change_j"": 0.0, ""LED_load_absorbed_j"": 31.790084943977956, ""LED_series_R_loss_j"": 0.0, ""LED_source_generated_j"": 31.790084943977956, ""input_stimulus_generated_j"": 0.00012494386721062116, ""logic_decap_stored_energy_change_j"": 0.0, ""logic_joint_load_absorbed_j"": 0.07228937997430046, ""logic_series_R_loss_j"": 0.0, ""logic_source_generated_j"": 363.0722893799743, ""neighbor_stimulus_generated_j"": 0.0, ""reference_B_source_absorbed_j"": 242.37164701168464, ""reference_rail_absorbed_j"": 363.0}",-0.0,2e-05,0.1774507642479241,1,2e-05,pre
1.012185091295253e-10,0.015120630573949967,-0.01025052923326668,[3.5009369767721786e-06],[2.500835861574367e-06],-2.415819833126384,115.8007285429168,5.7839148074014455,1,"{""LED_decap_stored_energy_change_j"": 0.0, ""LED_load_absorbed_j"": 5.567018002123892e-10, ""LED_series_R_loss_j"": 0.0, ""LED_source_generated_j"": 5.567018002123892e-10, ""input_stimulus_generated_j"": 2.3951951658337605e-15, ""logic_decap_stored_energy_change_j"": 0.0, ""logic_joint_load_absorbed_j"": 1.3221702327945943e-12, ""logic_series_R_loss_j"": 0.0, ""logic_source_generated_j"": 6.353822170232795e-09, ""neighbor_stimulus_generated_j"": 0.0, ""reference_B_source_absorbed_j"": 4.245744039917351e-09, ""reference_rail_absorbed_j"": 6.3525e-09}",ff,"{""v(bias)"": {""max"": 1.214180166873616, ""min"": 0.8036121058334883}, ""v(gate)"": {""max"": 1.204246252752183, ""min"": -0.0001912286301898498}, ""v(led_a)"": {""max"": 5.5, ""min"": 5.5}, ""v(led_k)"": {""max"": 3.953667354088102, ""min"": 2.708890764693654}, ""v(logic_rail)"": {""max"": 3.63, ""min"": 3.63}, ""v(pwm)"": {""max"": 3.64512063057395, ""min"": -0.01025052923326668}}",0.10358736894616044,1,[],1000.1011151978117,2.5e-06,,2,1.7500000000000002e-05,"[2.5e-06, 2e-05]",-18.18907574465629,241.58198331263839,short_ff_post,"{""v(bias)"": {""end_v"": 1.203901380285319, ""start_v"": 1.203901377392825}, ""v(gate)"": {""end_v"": 3.344875002291597e-08, ""start_v"": 2.151101291842268e-11}, ""v(led_k)"": {""end_v"": 3.341848153405816, ""start_v"": 3.952507513204411}, ""v(pwm)"": {""end_v"": 8.516965695077857e-09, ""start_v"": 8.115944286934634e-09}}",115.8007285429168,,"{""LED_decap_stored_energy_change_j"": 0.0, ""LED_load_absorbed_j"": 31.811531440707952, ""LED_series_R_loss_j"": 0.0, ""LED_source_generated_j"": 31.811531440707952, ""input_stimulus_generated_j"": 0.0001368682951905006, ""logic_decap_stored_energy_change_j"": 0.0, ""logic_joint_load_absorbed_j"": 0.07555258473111967, ""logic_series_R_loss_j"": 0.0, ""logic_source_generated_j"": 363.07555258473116, ""neighbor_stimulus_generated_j"": 0.0, ""reference_B_source_absorbed_j"": 242.61394513813428, ""reference_rail_absorbed_j"": 363.0}",-0.0,2e-05,0.18583047819929732,1,2e-05,post
1.004704309040815e-10,0.021821133249525282,-0.01588519443703218,[3.5010881004959893e-06],[2.5010446971623077e-06],-1.9137159496529947,109.2952203867305,5.741167480233228,1,"{""LED_decap_stored_energy_change_j"": 0.0, ""LED_load_absorbed_j"": 5.023521545204074e-10, ""LED_series_R_loss_j"": 0.0, ""LED_source_generated_j"": 5.023521545204074e-10, ""input_stimulus_generated_j"": 2.749128723370689e-15, ""logic_decap_stored_energy_change_j"": 0.0, ""logic_joint_load_absorbed_j"": 1.1207174329946061e-12, ""logic_series_R_loss_j"": 0.0, ""logic_source_generated_j"": 5.776120717432995e-09, ""neighbor_stimulus_generated_j"": 0.0, ""reference_B_source_absorbed_j"": 3.3734281673549145e-09, ""reference_rail_absorbed_j"": 5.775e-09}",tt,"{""v(bias)"": {""max"": 1.386284050347005, ""min"": 0.9843954752959135}, ""v(gate)"": {""max"": 1.373024801086796, ""min"": -0.0004125528634189769}, ""v(led_a)"": {""max"": 5.0, ""min"": 5.0}, ""v(led_k)"": {""max"": 3.575620857042487, ""min"": 2.19875651750321}, ""v(logic_rail)"": {""max"": 3.3, ""min"": 3.3}, ""v(pwm)"": {""max"": 3.321821133249525, ""min"": -0.01588519443703218}}",0.16018639322044356,1,[],1000.0434033336816,2.5e-06,,2,1.7500000000000002e-05,"[2.5e-06, 2e-05]",-14.7867198967476,191.3715949652995,short_rc_hrhc,"{""v(bias)"": {""end_v"": 1.372376679218733, ""start_v"": 1.372376675418912}, ""v(gate)"": {""end_v"": 5.491499258072671e-08, ""start_v"": 1.522035851548627e-11}, ""v(led_k)"": {""end_v"": 2.88861765314295, ""start_v"": 3.573812457758126}, ""v(pwm)"": {""end_v"": 7.092482273676986e-09, ""start_v"": 1.059169941275323e-08}}",109.2952203867305,hrhc,"{""LED_decap_stored_energy_change_j"": 0.0, ""LED_load_absorbed_j"": 28.705837401166132, ""LED_series_R_loss_j"": 0.0, ""LED_source_generated_j"": 28.705837401166132, ""input_stimulus_generated_j"": 0.0001570930699068965, ""logic_decap_stored_energy_change_j"": 0.0, ""logic_joint_load_absorbed_j"": 0.06404099617112034, ""logic_series_R_loss_j"": 0.0, ""logic_source_generated_j"": 330.0640409961711, ""neighbor_stimulus_generated_j"": 0.0, ""reference_B_source_absorbed_j"": 192.76732384885224, ""reference_rail_absorbed_j"": 329.99999999999994}",-0.0,2e-05,0.3071041781947258,1,2e-05,post
1.0047135453457504e-10,0.022471608029711376,-0.01622667556185221,[3.5010810544226774e-06],[2.501032630143606e-06],-1.9138513995141009,109.5498343140235,5.741220259118574,1,"{""LED_decap_stored_energy_change_j"": 0.0, ""LED_load_absorbed_j"": 5.023567726728751e-10, ""LED_series_R_loss_j"": 0.0, ""LED_source_generated_j"": 5.023567726728751e-10, ""input_stimulus_generated_j"": 2.7421423675588482e-15, ""logic_decap_stored_energy_change_j"": 0.0, ""logic_joint_load_absorbed_j"": 1.102681273837413e-12, ""logic_series_R_loss_j"": 0.0, ""logic_source_generated_j"": 5.776102681273838e-09, ""neighbor_stimulus_generated_j"": 0.0, ""reference_B_source_absorbed_j"": 3.373514386476301e-09, ""reference_rail_absorbed_j"": 5.775e-09}",tt,"{""v(bias)"": {""max"": 1.386148600485899, ""min"": 0.9801107440509621}, ""v(gate)"": {""max"": 1.373018018603706, ""min"": -0.0004186005394288318}, ""v(led_a)"": {""max"": 5.0, ""min"": 5.0}, ""v(led_k)"": {""max"": 3.575615424721034, ""min"": 2.198743292571597}, ""v(logic_rail)"": {""max"": 3.3, ""min"": 3.3}, ""v(pwm)"": {""max"": 3.322471608029711, ""min"": -0.01622667556185221}}",0.15506632610584994,1,[],1000.0484242790716,2.5e-06,,2,1.7500000000000002e-05,"[2.5e-06, 2e-05]",-14.873668967908399,191.3851399514101,short_rc_lrhc,"{""v(bias)"": {""end_v"": 1.372327765836407, ""start_v"": 1.372327762693089}, ""v(gate)"": {""end_v"": 5.301130014927136e-08, ""start_v"": 1.495081352624808e-11}, ""v(led_k)"": {""end_v"": 2.888617841868581, ""start_v"": 3.573810718304223}, ""v(pwm)"": {""end_v"": 5.971690240743485e-09, ""start_v"": 1.047067280630505e-08}}",109.5498343140235,lrhc,"{""LED_decap_stored_energy_change_j"": 0.0, ""LED_load_absorbed_j"": 28.706101295592862, ""LED_series_R_loss_j"": 0.0, ""LED_source_generated_j"": 28.706101295592862, ""input_stimulus_generated_j"": 0.0001566938495747913, ""logic_decap_stored_energy_change_j"": 0.0, ""logic_joint_load_absorbed_j"": 0.06301035850499503, ""logic_series_R_loss_j"": 0.0, ""logic_source_generated_j"": 330.06301035850504, ""neighbor_stimulus_generated_j"": 0.0, ""reference_B_source_absorbed_j"": 192.77225065578858, ""reference_rail_absorbed_j"": 329.99999999999994}",-0.0,2e-05,0.29583651079343043,1,2e-05,post
1.0048290219793161e-10,0.024022288858872365,-0.0168542941943291,[3.5010581635294403e-06],[2.500996318317482e-06],-1.9176558274016577,109.4538801941559,5.741880125596092,1,"{""LED_decap_stored_energy_change_j"": 0.0, ""LED_load_absorbed_j"": 5.024145109896581e-10, ""LED_series_R_loss_j"": 0.0, ""LED_source_generated_j"": 5.024145109896581e-10, ""input_stimulus_generated_j"": 2.7202224652092282e-15, ""logic_decap_stored_energy_change_j"": 0.0, ""logic_joint_load_absorbed_j"": 9.794683971735416e-13, ""logic_series_R_loss_j"": 0.0, ""logic_source_generated_j"": 5.7759794683971734e-09, ""neighbor_stimulus_generated_j"": 0.0, ""reference_B_source_absorbed_j"": 3.3734236063815554e-09, ""reference_rail_absorbed_j"": 5.774999999999999e-09}",tt,"{""v(bias)"": {""max"": 1.382344172598342, ""min"": 0.990541292954148}, ""v(gate)"": {""max"": 1.373023188524607, ""min"": -0.0003773119074220844}, ""v(led_a)"": {""max"": 5.0, ""min"": 5.0}, ""v(led_k)"": {""max"": 3.575514728366989, ""min"": 2.198763062301784}, ""v(logic_rail)"": {""max"": 3.3, ""min"": 3.3}, ""v(pwm)"": {""max"": 3.324022288858872, ""min"": -0.0168542941943291}}",0.14132841848657998,1,[],1000.061845211958,2.5e-06,,2,1.7500000000000002e-05,"[2.5e-06, 2e-05]",-15.554701681278349,191.7655827401658,short_rc_hrlc,"{""v(bias)"": {""end_v"": 1.37237667903867, ""start_v"": 1.372376675420804}, ""v(gate)"": {""end_v"": 5.480541936686631e-08, ""start_v"": 1.522238622165502e-11}, ""v(led_k)"": {""end_v"": 2.888656756701426, ""start_v"": 3.573812457755699}, ""v(pwm)"": {""end_v"": 1.870075824596108e-08, ""start_v"": 1.059171176107835e-08}}",109.4538801941559,hrlc,"{""LED_decap_stored_energy_change_j"": 0.0, ""LED_load_absorbed_j"": 28.709400627980457, ""LED_series_R_loss_j"": 0.0, ""LED_source_generated_j"": 28.709400627980457, ""input_stimulus_generated_j"": 0.00015544128372624162, ""logic_decap_stored_energy_change_j"": 0.0, ""logic_joint_load_absorbed_j"": 0.05596962269563094, ""logic_series_R_loss_j"": 0.0, ""logic_source_generated_j"": 330.0559696226956, ""neighbor_stimulus_generated_j"": 0.0, ""reference_B_source_absorbed_j"": 192.76706322180314, ""reference_rail_absorbed_j"": 329.9999999999999}",-0.0,2e-05,0.26509524180666105,1,2e-05,post
1.0048403480564296e-10,0.02462219112591013,-0.01716959154171073,[3.501052747738411e-06],[2.500987278785275e-06],-1.9178161872197999,109.6766912508008,5.74194484603674,1,"{""LED_decap_stored_energy_change_j"": 0.0, ""LED_load_absorbed_j"": 5.024201740282148e-10, ""LED_series_R_loss_j"": 0.0, ""LED_source_generated_j"": 5.024201740282148e-10, ""input_stimulus_generated_j"": 2.7151751340169264e-15, ""logic_decap_stored_energy_change_j"": 0.0, ""logic_joint_load_absorbed_j"": 9.660290761469788e-13, ""logic_series_R_loss_j"": 0.0, ""logic_source_generated_j"": 5.775966029076147e-09, ""neighbor_stimulus_generated_j"": 0.0, ""reference_B_source_absorbed_j"": 3.3735096890236245e-09, ""reference_rail_absorbed_j"": 5.775e-09}",tt,"{""v(bias)"": {""max"": 1.3821838127802, ""min"": 0.9863555114926214}, ""v(gate)"": {""max"": 1.37301305773707, ""min"": -0.000382437003438981}, ""v(led_a)"": {""max"": 5.0, ""min"": 5.0}, ""v(led_k)"": {""max"": 3.575512217589874, ""min"": 2.198752859722363}, ""v(logic_rail)"": {""max"": 3.3, ""min"": 3.3}, ""v(pwm)"": {""max"": 3.32462219112591, ""min"": -0.01716959154171073}}",0.13754351972558024,1,[],1000.0654689531361,2.5e-06,,2,1.7500000000000002e-05,"[2.5e-06, 2e-05]",-15.705467951129119,191.78161872198,short_rc_lrlc,"{""v(bias)"": {""end_v"": 1.372327765914293, ""start_v"": 1.372327762686655}, ""v(gate)"": {""end_v"": 5.363748021046238e-08, ""start_v"": 1.494814922882891e-11}, ""v(led_k)"": {""end_v"": 2.888656913319894, ""start_v"": 3.573810718250607}, ""v(pwm)"": {""end_v"": 1.387553403592194e-08, ""start_v"": 1.047038463675717e-08}}",109.6766912508008,lrlc,"{""LED_decap_stored_energy_change_j"": 0.0, ""LED_load_absorbed_j"": 28.709724230183703, ""LED_series_R_loss_j"": 0.0, ""LED_source_generated_j"": 28.709724230183703, ""input_stimulus_generated_j"": 0.0001551528648009672, ""logic_decap_stored_energy_change_j"": 0.0, ""logic_joint_load_absorbed_j"": 0.05520166149411306, ""logic_series_R_loss_j"": 0.0, ""logic_source_generated_j"": 330.0552016614941, ""neighbor_stimulus_generated_j"": 0.0, ""reference_B_source_absorbed_j"": 192.77198222992138, ""reference_rail_absorbed_j"": 329.99999999999994}",-0.0,2e-05,0.2566595504822993,1,2e-05,post
