source_excel_row,source_current_mA,current_A,voltage_V
3,0.0001,1.0000000000000001e-07,2.41622
4,0.00011366000000000001,1.1366000000000001e-07,2.4289299999999998
5,0.00012918599999999999,1.29186e-07,2.44164
6,0.00014683299999999999,1.46833e-07,2.4544000000000001
7,0.00016689,1.6689000000000001e-07,2.4674499999999999
8,0.00018968699999999999,1.89687e-07,2.48095
9,0.000215598,2.1559800000000002e-07,2.4942799999999998
10,0.000245049,2.4504900000000001e-07,2.5083299999999999
11,0.00027852299999999998,2.7852299999999996e-07,2.52291
12,0.000316569,3.1656900000000001e-07,2.5375399999999999
13,0.00035981199999999999,3.5981199999999999e-07,2.55246
14,0.00040896200000000002,4.0896200000000003e-07,2.5678700000000001
15,0.00046482700000000001,4.6482700000000004e-07,2.5831499999999998
16,0.00052832200000000001,5.2832200000000006e-07,2.59883
17,0.00060048999999999996,6.0048999999999995e-07,2.6146699999999998
18,0.000682517,6.8251699999999997e-07,2.6314600000000001
19,0.00077574899999999995,7.7574899999999991e-07,2.64873
20,0.00088171600000000005,8.8171600000000008e-07,2.6655199999999999
21,0.001,9.9999999999999995e-07,2.68391
22,0.00114,1.1399999999999999e-06,2.70208
23,0.0012899999999999999,1.2899999999999999e-06,2.7208999999999999
24,0.00147,1.4699999999999999e-06,2.7403
25,0.00167,1.6700000000000001e-06,2.76057
26,0.0019,1.9e-06,2.7814299999999998
27,0.00216,2.1600000000000001e-06,2.8027799999999998
28,0.0024599999999999999,2.4600000000000002e-06,2.8250500000000001
29,0.0027899999999999999,2.79e-06,2.84748
30,0.0031700000000000001,3.1700000000000001e-06,2.8709099999999999
31,0.0036099999999999999,3.6100000000000002e-06,2.8951199999999999
32,0.0041000000000000003,4.1000000000000006e-06,2.92062
33,0.0046600000000000001,4.6600000000000003e-06,2.9466100000000002
34,0.0052900000000000004,5.2900000000000002e-06,2.9732400000000001
35,0.0060200000000000002,6.02e-06,3.00109
36,0.0068399999999999997,6.8399999999999997e-06,3.02922
37,0.00777,7.7700000000000001e-06,3.0582799999999999
38,0.0088400000000000006,8.8400000000000001e-06,3.0886399999999998
39,0.01004,1.004e-05,3.1189499999999999
40,0.01142,1.1419999999999999e-05,3.15089
41,0.012970000000000001,1.2970000000000001e-05,3.1834199999999999
42,0.014749999999999999,1.4749999999999999e-05,3.2172299999999998
43,0.016760000000000001,1.6760000000000002e-05,3.2507999999999999
44,0.019050000000000001,1.9050000000000002e-05,3.28545
45,0.021649999999999999,2.1650000000000001e-05,3.3207100000000001
46,0.02461,2.461e-05,3.3571399999999998
47,0.027969999999999998,2.7969999999999998e-05,3.3933200000000001
48,0.031789999999999999,3.1789999999999999e-05,3.43086
49,0.036139999999999999,3.6139999999999996e-05,3.4696400000000001
50,0.041070000000000002,4.1070000000000005e-05,3.5081899999999999
51,0.046679999999999999,4.668e-05,3.5463499999999999
52,0.053060000000000003,5.3060000000000004e-05,3.5848100000000001
53,0.060310000000000002,6.0310000000000004e-05,3.6227399999999998
54,0.06855,6.8549999999999999e-05,3.66032
55,0.077909999999999993,7.7909999999999991e-05,3.6976200000000001
56,0.088550000000000004,8.8550000000000011e-05,3.7340800000000001
57,0.10065,0.00010065000000000001,3.7698299999999998
58,0.1144,0.0001144,3.8054999999999999
59,0.13002,0.00013002000000000001,3.84057
60,0.14779,0.00014779000000000002,3.8751899999999999
61,0.16797000000000001,0.00016797000000000001,3.9097
62,0.19092000000000001,0.00019092000000000002,3.9438300000000002
63,0.217,0.00021700000000000002,3.97803
64,0.24664,0.00024664000000000001,4.0120100000000001
65,0.28033000000000002,0.00028033000000000002,4.0459399999999999
66,0.31862000000000001,0.00031862000000000004,4.0794800000000002
67,0.36215000000000003,0.00036215000000000005,4.1136400000000002
68,0.41161999999999999,0.00041162000000000002,4.1479100000000004
69,0.46783999999999998,0.00046783999999999997,4.18222
70,0.53174999999999994,0.00053175,4.2166399999999999
71,0.60438999999999998,0.00060439000000000001,4.25143
72,0.68694999999999995,0.00068694999999999997,4.28667
73,0.78078000000000003,0.00078078000000000002,4.3221299999999996
74,0.88744000000000001,0.00088743999999999997,4.3582599999999996
75,1.0086599999999999,0.00100866,4.3950100000000001
76,1.1464399999999999,0.0011464399999999999,4.4326600000000003
77,1.30305,0.00130305,4.4711299999999996
78,1.48105,0.00148105,4.5104499999999996
79,1.68336,0.0016833600000000001,4.5509599999999999
80,1.9133,0.0019132999999999999,4.5930299999999997
81,2.1746599999999998,0.0021746599999999997,4.6366100000000001
82,2.4717199999999999,0.0024717200000000002,4.6818999999999997
83,2.8093499999999998,0.00280935,4.7290099999999997
84,3.1931099999999999,0.0031931099999999999,4.7780500000000004
85,3.6292900000000001,0.0036292900000000003,4.8274800000000004
86,4.1250499999999999,0.0041250499999999999,4.8815999999999997
87,4.6885300000000001,0.0046885299999999998,4.9382900000000003
88,5.3289799999999996,0.0053289799999999997,4.9980200000000004
89,6.0569199999999999,0.0060569200000000004,5.0607800000000003
90,6.88429,0.0068842900000000004,5.1269600000000004
91,7.8246799999999999,0.0078246800000000005,5.1972300000000002
92,8.8935300000000002,0.0088935300000000002,5.2715300000000003
93,10.10839,0.01010839,5.3503299999999996
94,11.489190000000001,0.011489190000000002,5.4342300000000003
95,13.05861,0.01305861,5.52407
96,14.842409999999999,0.01484241,5.6205299999999996
97,16.869879999999998,0.01686988,5.7246300000000003
98,19.174309999999998,0.01917431,5.8373900000000001
99,21.793510000000001,0.021793510000000002,5.9603799999999998
100,24.770499999999998,0.024770499999999997,6.0950100000000003
101,28.154150000000001,0.028154150000000003,6.2423400000000004
102,32,0.032000000000000001,6.4045100000000001
