pwm_dc_v,frequency_hz,conductance_s,susceptance_s,effective_parallel_capacitance_f
0.0,100000.0,1.425416649704012e-13,2.091473572429415e-08,3.3286835739820665e-14
0.0,1000000.000000001,1.426430543925735e-11,2.091473411759915e-07,3.328683318268612e-14
0.0,10000000.00000001,1.426247207818874e-09,2.091457347219352e-06,3.3286577507582206e-14
0.0,100000000.0000002,1.407375620815114e-07,2.089874477165829e-05,3.326138534825314e-14
0.0,1000000000.000002,6.312130067898113e-06,0.0002022937226482894,3.2196045915936094e-14
0.825,100000.0,3.707002535515351e-13,2.29450190846379e-08,3.6518132066579974e-14
0.825,1000000.000000001,3.707706168387244e-11,2.294501308672815e-07,3.651812252061009e-14
0.825,10000000.00000001,3.706695488673285e-09,2.29444134735784e-06,3.651716820664284e-14
0.825,100000000.0000002,3.608275241482118e-07,2.288617064754615e-05,3.642447187001606e-14
0.825,1000000000.000002,1.050518580449623e-05,0.0002132058560171523,3.3932765881268634e-14
1.65,100000.0,-1.107538890723373e-12,2.320188527181241e-08,3.692694730059989e-14
1.65,1000000.000000001,3.483585567407945e-11,2.320187489395612e-07,3.692693078372858e-14
1.65,10000000.00000001,3.590569130819007e-09,2.32009936775884e-06,3.692552828432002e-14
1.65,100000000.0000002,3.485578507276148e-07,2.316153956932896e-05,3.686273512077225e-14
1.65,1000000000.000002,1.574142122668683e-05,0.0002146856898598351,3.416828875228628e-14
2.4749999999999996,100000.0,4.667599934897149e-12,1.926373799018268e-08,3.0659191235647065e-14
2.4749999999999996,1000000.000000001,2.246156890285196e-10,1.924092653868485e-07,3.062288568299723e-14
2.4749999999999996,10000000.00000001,9.217725371881035e-10,1.922055982761037e-06,3.059047105557696e-14
2.4749999999999996,100000000.0000002,4.950254000486457e-08,1.921638194685923e-05,3.0583821751844996e-14
2.4749999999999996,1000000000.000002,3.729331105756719e-06,0.0001903769526763984,3.029943306922058e-14
3.3,100000.0,1.927339483836234e-13,2.078774805437325e-08,3.308472858602433e-14
3.3,1000000.000000001,1.928105805370041e-11,2.078773128844089e-07,3.3084701902214186e-14
3.3,10000000.00000001,1.910374081568808e-09,2.078607390348961e-06,3.308206409213817e-14
3.3,100000000.0000002,1.090728761718628e-07,2.070862684513173e-05,3.29588032704823e-14
3.3,1000000000.000002,3.324113112358069e-06,0.0002053310642248401,3.267945384170267e-14
