name,envelope,driver,level,corner,temperature_c,logic_v,led_v,led_current_uA,analog_logic_current_uA,buffer_supply_current_uA,pwm_v,led_k_v,gate_v,bias_v
dc_tt_ideal_0,tt,ideal,0,typical,27,3.3,5,3.607819737405649e-06,100.0000033091423,-0.0,0.0,3.57381945417905,0.0001837166674071534,1.374761027741857
dc_tt_ideal_1,tt,ideal,1,typical,27,3.3,5,100.695401252885,100.0000036460914,-0.0,3.3,2.199428453432127,1.374873264361577,1.374989431721129
dc_tt_buffer_0,tt,buffer,0,typical,27,3.3,5,3.607837500974043e-06,100.00000330917861,1.036671102006625e-05,1.046704241214251e-08,3.573818610673565,0.0001837166674069246,1.374761027741828
dc_tt_buffer_1,tt,buffer,1,typical,27,3.3,5,100.695401252885,100.0000036460914,1.024847711257357e-05,3.299999974188931,2.199428453432094,1.374873264361702,1.374989431721118
dc_ss_ideal_0,ss,ideal,0,ss,85,2.97,4.5,3.595856182259105e-06,100.00000303875521,-0.0,0.0,3.308019651094765,0.000183716835690575,1.554570944058813
dc_ss_ideal_1,ss,ideal,1,ss,85,2.97,4.5,100.0687792181002,100.0000032621529,-0.0,2.97,1.67861051590981,1.554681977385718,1.554798326136888
dc_ss_buffer_0,ss,buffer,0,ss,85,2.97,4.5,3.595838418690711e-06,100.0000030386826,9.410886675179835e-06,1.603264373202675e-08,3.308020592108255,0.0001837168356906804,1.554570944058902
dc_ss_buffer_1,ss,buffer,1,ss,85,2.97,4.5,100.0687792182246,100.0000032621529,9.45968961676049e-06,2.969999957633617,1.678610515909685,1.554681977386218,1.554798326137083
dc_ff_ideal_0,ff,ideal,0,ff,0,3.63,5.5,4.027763053637834e-06,100.0000036500359,-0.0,0.0,3.952512689497019,0.0001837166777240536,1.206311287677341
dc_ff_ideal_1,ff,ideal,1,ff,0,3.63,5.5,101.35380460471849,100.0000040461581,-0.0,3.63,2.709868600971171,1.206424950639076,1.206541107518543
dc_ff_buffer_0,ff,buffer,0,ff,0,3.63,5.5,4.027780817206228e-06,100.00000365039911,1.166657162814604e-05,8.056213354501274e-09,3.95251242680217,0.0001837166777240521,1.20631128767732
dc_ff_buffer_1,ff,buffer,1,ff,0,3.63,5.5,101.3538046047718,100.0000040461581,1.169283362320919e-05,3.629999980050984,2.709868600971149,1.206424950639206,1.206541107518631
