name,envelope,driver,duty,led,maxstep_ns,corner,temperature_c,logic_v,led_v,input_full_ramp_ns,average_led_current_uA,average_led_rail_power_uW,average_analog_logic_power_uW,average_buffer_power_uW,buffer_supply_charge_c,pwm_min_v,pwm_max_v,LED_voltage_min_v,LED_voltage_max_v,measured_LED_outside_domain_time_fraction,measured_LED_outside_domain_signed_charge_fraction,rise_30_70_ns,fall_70_30_ns,rise_edges,fall_edges,high_pulse_min_ns,low_pulse_min_ns,area_error_pct
tt_ideal_d0,tt,ideal,0,synthetic,10,typical,27,3.3,5,10.0,3.6078159247018855e-06,1.8039079623509427e-05,330.0000109203644,0.0,0.0,0.0,0.0,1.4261805458385641,1.4261805458389092,,,,,0,0,,,
tt_ideal_d1,tt,ideal,1,synthetic,10,typical,27,3.3,5,10.0,0.39210620596805124,1.960531029840256,330.00304468269775,0.0,0.0,0.0,3.3,1.894322211292268,2.800608053455721,,,4.0000000002798215,3.999999999954561,4,4,999.9999999999159,254999.9999999996,-0.3140287648920048
tt_ideal_d64,tt,ideal,64,synthetic,10,typical,27,3.3,5,10.0,25.172613875216598,125.86306937608299,330.0030455346461,0.0,0.0,0.0,3.3,1.9167111266837198,2.800608122917109,,,4.0000000002798215,4.0000000002798215,4,4,64000.00000000004,191999.9999999998,-0.004911596507917171
tt_ideal_d255,tt,ideal,255,synthetic,10,typical,27,3.3,5,10.0,100.300819304147,501.50409652073506,330.00305679302073,0.0,0.0,0.0,3.3,2.331600302459509,2.800608145749765,,,4.0000000002798215,4.0000000002798215,4,4,254999.99999999968,999.9999999999159,-0.001236801507009666
tt_ideal_d256,tt,ideal,256,synthetic,10,typical,27,3.3,5,10.0,100.69540125267795,503.47700626338974,330.00001203520867,0.0,0.0,3.3,3.3,2.800571541926501,2.800571551209106,,,,,0,0,,,0.0
tt_buffer_d0,tt,buffer,0,synthetic,10,typical,27,3.3,5,1.0,3.6078481933476962e-06,1.803924096673848e-05,330.00001092024286,3.421014650438069e-05,1.0615512127419947e-14,1.046701769305273e-08,1.046706634021272e-08,1.426181683274895,1.426181683276209,,,,,0,0,,,
tt_buffer_d1,tt,buffer,1,synthetic,10,typical,27,3.3,5,1.0,0.39235935263024113,1.9617967631512059,330.0013948417156,0.0022578606033230963,7.006209872129852e-13,-0.01894327800155832,3.327240675060462,1.8936328802750362,2.801331448828335,,,0.24393455940081854,0.12758837606222095,4,4,1000.0665794787167,254999.93341940286,-0.24967076584353487
tt_buffer_d64,tt,buffer,64,synthetic,10,typical,27,3.3,5,1.0,25.17286702550372,125.86433512751859,330.00139567745,0.0022577163736682507,7.00576232314027e-13,-0.01894409801052368,3.327240892977323,1.916025118244848,2.801331472329842,,,0.24393438148324204,0.12758852958524858,4,4,64000.06657950605,191999.9334169236,-0.003905988510943814
tt_buffer_d255,tt,buffer,255,synthetic,10,typical,27,3.3,5,1.0,100.3010724776438,501.505362388219,330.00140692816893,0.002256527897950865,7.002074446974805e-13,-0.01894370097029175,3.327236310304148,2.330979753532099,2.801331408855073,,,0.24393541516159328,0.12758452497610429,4,4,255000.0665789931,999.9334203582679,-0.0009843905826145694
tt_buffer_d256,tt,buffer,256,synthetic,10,typical,27,3.3,5,1.0,100.69540125281887,503.47700626409426,330.00001203216755,3.38203903885078e-05,1.049456962358545e-14,3.299999968400691,3.299999979965051,2.800571546233528,2.800571546902122,,,,,0,0,,,0.0
ss_ideal_d0,ss,ideal,0,synthetic,10,ss,85,2.97,4.5,10.0,3.5958594014304233e-06,1.6181367306436907e-05,297.0000090255716,0.0,0.0,0.0,0.0,1.19198034890678,1.1919803489072929,,,,,0,0,,,
ss_ideal_d1,ss,ideal,1,synthetic,10,ss,85,2.97,4.5,10.0,0.3878533186975301,1.7453399341388853,297.0014952337852,0.0,0.0,0.0,2.97,1.7493393472360408,2.821421357601388,,,4.000000000062981,4.000000000713502,4,4,999.9999999999159,254999.9999999998,-0.7777946725545215
ss_ideal_d64,ss,ideal,64,synthetic,10,ss,85,2.97,4.5,10.0,25.014159689687325,112.56371860359296,297.00149600458127,0.0,0.0,0.0,2.97,1.776135952752115,2.821421357583493,,,4.0000000002798215,4.000000000496662,4,4,63999.99999999982,191999.99999999988,-0.012132117108176743
ss_ideal_d255,ss,ideal,255,synthetic,10,ss,85,2.97,4.5,10.0,99.6749667370042,448.5373503165188,297.00150773454493,0.0,0.0,0.0,2.97,2.272413968816705,2.821421363718563,,,4.0000000002798215,4.0000000002798215,4,4,254999.9999999999,999.9999999994822,-0.0029282467055247174
ss_ideal_d256,ss,ideal,256,synthetic,10,ss,85,2.97,4.5,10.0,100.06877922023303,450.30950649104864,297.00000968685333,0.0,0.0,2.97,2.97,2.821389479614502,2.8213894885697313,,,,,0,0,,,0.0
ss_buffer_d0,ss,buffer,0,synthetic,10,ss,85,2.97,4.5,1.0,3.5958252458177793e-06,1.618121360618001e-05,297.00000902567723,2.7950333362402558e-05,9.636747933703775e-15,1.603259115552812e-08,1.603269436995055e-08,1.1919790924037672,1.191979092405485,,,,,0,0,,,
ss_buffer_d1,ss,buffer,1,synthetic,10,ss,85,2.97,4.5,1.0,0.38822869187561365,1.7470291134402613,297.00112705181346,0.0017032071130651295,5.872336982419839e-13,-0.02905002520587461,3.0071855646765,1.748732801314134,2.821807125933881,,,0.41456266175986245,0.20663303511823938,4,4,999.9850143840861,255000.01498561443,-0.6817651873730846
ss_buffer_d64,ss,buffer,64,synthetic,10,ss,85,2.97,4.5,1.0,25.014535068447035,112.56540780801166,297.0011278204524,0.0017031917436175032,5.872283991462368e-13,-0.02905182696064877,3.007201568500437,1.7755317008164848,2.821807126853165,,,0.4145627619401432,0.20663403757156806,4,4,63999.98501454575,192000.01498544757,-0.010631634167179715
ss_buffer_d255,ss,buffer,255,synthetic,10,ss,85,2.97,4.5,1.0,99.67534216257447,448.5390397315851,297.00113953572753,0.0017023298379831829,5.869312303349425e-13,-0.0290500288194014,3.007182829773077,2.271927843807684,2.821807125937685,,,0.41456494096966945,0.20663303620244156,4,4,254999.98501304814,1000.014986949965,-0.0025516080046528167
ss_buffer_d256,ss,buffer,256,synthetic,10,ss,85,2.97,4.5,1.0,100.0687792203104,450.3095064913968,297.00000968098107,2.8102086942296986e-05,9.689069706704415e-15,2.969999954506398,2.969999960733705,2.821389483740173,2.8213894844447127,,,,,0,0,,,0.0
ff_ideal_d0,ff,ideal,0,synthetic,10,ff,0,3.63,5.5,10.0,4.027760944182307e-06,2.215268519300269e-05,363.000013250949,0.0,0.0,0.0,0.0,1.5474873105043638,1.547487310505098,,,,,0,0,,,
ff_ideal_d1,ff,ideal,1,synthetic,10,ff,0,3.63,5.5,10.0,0.39525062384047277,2.1738784311226,363.0066532452857,0.0,0.0,0.0,3.63,1.961134965734213,2.790171716512782,,,4.0000000002798215,4.0000000002798215,4,4,999.9999999999159,254999.9999999996,-0.1673789182915275
ff_ideal_d64,ff,ideal,64,synthetic,10,ff,0,3.63,5.5,10.0,25.337786696030285,139.35782682816657,363.006654160907,0.0,0.0,0.0,3.63,1.9814766592086528,2.790171754013182,,,4.000000000062981,4.0000000002798215,4,4,63999.99999999993,191999.9999999998,-0.0026223197494457118
ff_ideal_d255,ff,ideal,255,synthetic,10,ff,0,3.63,5.5,10.0,100.95721468856323,555.2646807870976,363.0066656259174,0.0,0.0,0.0,3.63,2.358614007549089,2.790171665889355,,,4.0000000002798215,4.0000000002798215,4,4,254999.9999999996,999.9999999996991,-0.0006701973922274007
ff_ideal_d256,ff,ideal,256,synthetic,10,ff,0,3.63,5.5,10.0,101.35380460495611,557.4459253272586,363.000014689365,0.0,0.0,3.63,3.63,2.790131395601268,2.790131402456764,,,,,0,0,,,0.0
ff_buffer_d0,ff,buffer,0,synthetic,10,ff,0,3.63,5.5,1.0,4.027775591955718e-06,2.2152765755756446e-05,363.0000132517748,4.234965468179777e-05,1.1946569254589785e-14,8.056196651182033e-09,8.056229827084777e-09,1.5474877280735222,1.547487728074782,,,,,0,0,,,
ff_buffer_d1,ff,buffer,1,synthetic,10,ff,0,3.63,5.5,1.0,0.39517087495894154,2.1734398122741783,363.00171423456925,0.0031377277320124826,8.851331122812073e-13,-0.01121917490453907,3.647035318748944,1.960700716449038,2.791244618019178,,,0.16768195371715672,0.09159536388907152,4,4,1000.1081416531002,254999.89185831085,-0.18752193452458155
ff_buffer_d64,ff,buffer,64,synthetic,10,ff,0,3.63,5.5,1.0,25.337706951781293,139.35738823479713,363.0017151501173,0.003137701936784317,8.851258356107824e-13,-0.01121926509899465,3.64702902006363,1.9810438229861562,2.791244610258732,,,0.1676820052167599,0.09159560837666142,4,4,64000.108141483324,191999.89184665002,-0.0029370357474856057
ff_buffer_d255,ff,buffer,255,synthetic,10,ff,0,3.63,5.5,1.0,100.95713496623105,555.2642423142709,363.00172664156463,0.0031368800825268594,8.848939957320947e-13,-0.01121919667311683,3.64704631374518,2.358173544173396,2.791244615065399,,,0.16768237644758377,0.09159542525491449,4,4,255000.10814109072,999.8918588142395,-0.0007491629631872776
ff_buffer_d256,ff,buffer,256,synthetic,10,ff,0,3.63,5.5,1.0,101.35380460459784,557.4459253252882,363.0000146863652,4.24685480369741e-05,1.1980108316766247e-14,3.62999996557048,3.62999999451093,2.790131398734703,2.790131399322706,,,,,0,0,,,0.0
measured_ideal_d1,tt,ideal,1,measured_static_2pF_assumed,10,typical,27,3.3,5,10.0,0.3889136719137808,1.9445683595689038,330.00297335836854,0.0,0.0,0.0,3.3,0.013024633037077571,3.767316685693295,0.9871306532717472,0.04904860296810158,4.000000000713502,4.000000000713502,4,4,999.9999999999159,254999.9999999998,-0.22704769968546756
measured_ideal_d64,tt,ideal,64,measured_static_2pF_assumed,10,typical,27,3.3,5,10.0,24.946217764290513,124.73108882145254,330.0029745373912,0.0,0.0,0.0,3.3,0.04965070965027962,3.767316681582531,0.7410341170070005,0.000752964152933706,3.999999999954561,4.000000000062981,4,4,63999.99999999961,191999.99999999988,-0.003603996242407259
measured_ideal_d256,tt,ideal,256,measured_static_2pF_assumed,10,typical,27,3.3,5,10.0,99.78846742977858,498.9423371488928,330.00001203463205,0.0,0.0,3.3,3.3,3.767284562851021,3.767284562879242,0.0,0.0,,,0,0,,,0.0
measured_buffer_d1,tt,buffer,1,measured_static_2pF_assumed,10,typical,27,3.3,5,1.0,0.3891613947637875,1.9458069738189376,330.00132332486567,0.002264041909550645,7.025390652666243e-13,-0.01894190656947184,3.32723529209938,0.012111129237534435,3.768079287166977,0.9871287886729343,0.04901729443677334,0.2439306827275306,0.12758871726064464,4,4,1000.0665851976663,254999.93341408356,-0.1634962196608858
measured_buffer_d64,tt,buffer,64,measured_static_2pF_assumed,10,typical,27,3.3,5,1.0,24.946465523442697,124.73232761721349,330.0013245187353,0.0022638692617147392,7.024854921199675e-13,-0.01894190496687902,3.327234950586426,0.04873863851653226,3.768079286726743,0.7410322550740489,0.0007529564391383607,0.24393071406097339,0.12758474604492726,4,4,64000.06658589981,191999.9334140969,-0.0026108604869956586
measured_buffer_d256,tt,buffer,256,measured_static_2pF_assumed,10,typical,27,3.3,5,1.0,99.78846743143754,498.94233715718764,330.00001203345136,3.3817699016630195e-05,1.0493734482736159e-14,3.29999996767986,3.299999980685805,3.767284562862113,3.767284562868281,0.0,0.0,,,0,0,,,0.0
tt_buffer_d1_fine,tt,buffer,1,synthetic,1,typical,27,3.3,5,1.0,0.3923593520856951,1.9617967604284756,330.00139484062356,0.0022578548633655597,7.006192060867677e-13,-0.01894540963865095,3.327239010675285,1.8936329738622208,2.801331440943173,,,0.24393602459163444,0.12758768650963925,4,4,1000.0665790976196,254999.93341744307,-0.2496709042846046
measured_buffer_d1_fine,tt,buffer,1,measured_static_2pF_assumed,1,typical,27,3.3,5,1.0,0.38916127717886895,1.9458063858943446,330.0013233232508,0.0022640418265206072,7.02539039502152e-13,-0.01893845478409184,3.327250953449037,0.012110707750521144,3.768079287256962,0.9871279880090025,0.0490170714937139,0.24393057094628662,0.12758951545028402,4,4,1000.0665836324036,254999.93341602178,-0.16352638520999996
tt_joint_d0,tt,buffer_joint,0,synthetic,10,typical,27,3.3,5,1.0,3.6078341732607987e-06,1.8039170866303993e-05,330.00001092040424,3.421014650447921e-05,1.0615512127450518e-14,1.04670137531395e-08,1.046707129375398e-08,1.42618123534145,1.426181235341919,,,,,0,0,,,
tt_joint_d1,tt,buffer_joint,1,synthetic,10,typical,27,3.3,5,1.0,0.3923553720580475,1.9617768602902375,330.00139320514603,0.0023576939736157524,7.315995845401608e-13,-0.01854204279357631,3.326250568206616,1.8936291763902329,2.801294423974889,,,0.258517864342063,0.1342472433132208,4,4,1000.0596477916131,254999.9403520691,-0.25068275493286274
tt_joint_d64,tt,buffer_joint,64,synthetic,10,typical,27,3.3,5,1.0,25.17286304476217,125.86431522381086,330.0013940409738,0.002357552966123257,7.31555829487944e-13,-0.01854204316206487,3.326243666480469,1.916021428952642,2.801294422127658,,,0.2585176305880746,0.1342472452647847,4,4,64000.05964786438,191999.94035213382,-0.003921801505923916
tt_joint_d255,tt,buffer_joint,255,synthetic,10,typical,27,3.3,5,1.0,100.30106849733087,501.50534248665434,330.0014052916248,0.0023563605710194406,7.311858256739112e-13,-0.01854202033635085,3.326243889328183,2.330975458855743,2.801294422215157,,,0.2585187439552855,0.13424724493952406,4,4,255000.0596473279,999.9403526718236,-0.0009883589014103578
tt_joint_d256,tt,buffer_joint,256,synthetic,10,typical,27,3.3,5,1.0,100.69540125281141,503.4770062640571,330.000012032906,3.382011129759882e-05,1.0494483020830663e-14,3.299999971736268,3.299999976640947,2.800571546486548,2.800571546649054,,,,,0,0,,,0.0
ss_joint_d0,ss,buffer_joint,0,synthetic,10,ss,85,2.97,4.5,1.0,3.5958379052193626e-06,1.618127057348713e-05,297.00000902585026,2.7950333361347426e-05,9.636747933339987e-15,1.603259686820469e-08,1.603268846265363e-08,1.191979559288344,1.191979559288756,,,,,0,0,,,
ss_joint_d1,ss,buffer_joint,1,synthetic,10,ss,85,2.97,4.5,1.0,0.38821894198829954,1.746985238947348,297.00112463615204,0.00178478583090823,6.153605019697061e-13,-0.0282186742766447,3.005641173565843,1.748732626460384,2.8217798583535743,,,0.43990034173917864,0.2180374548445274,4,4,999.9717853106504,255000.02821467823,-0.684259442433266
ss_joint_d64,ss,buffer_joint,64,synthetic,10,ss,85,2.97,4.5,1.0,25.0145253177806,112.56536393001271,297.0011254048029,0.001784772256739585,6.153558218523012e-13,-0.02822059101395476,3.00565391323357,1.77553152612361,2.821779869402345,,,0.4399004539541035,0.21804136426072096,4,4,63999.97178581146,192000.0282141874,-0.010670609459151326
ss_joint_d255,ss,buffer_joint,255,synthetic,10,ss,85,2.97,4.5,1.0,99.67533241322064,448.5389958594929,297.00113712006834,0.001783909067158396,6.150582103603358e-13,-0.02822386877309058,3.005643137915197,2.271925004744995,2.8217798847204367,,,0.43991228281664574,0.21804127416352043,4,4,254999.97178398835,1000.0282002959639,-0.0025613882975172864
ss_joint_d256,ss,buffer_joint,256,synthetic,10,ss,85,2.97,4.5,1.0,100.06877921974348,450.3095064888456,297.00000968657116,2.8093517219413678e-05,9.686115027838251e-15,2.969999957535013,2.969999957733837,2.821389483827004,2.821389484356207,,,,,0,0,,,0.0
ff_joint_d0,ff,buffer_joint,0,synthetic,10,ff,0,3.63,5.5,1.0,4.027764962565711e-06,2.215270729411141e-05,363.0000132506706,4.2349654677884445e-05,1.194656925348586e-14,8.056194904271634e-09,8.05623092021388e-09,1.5474874370027418,1.547487437003236,,,,,0,0,,,
ff_joint_d1,ff,buffer_joint,1,synthetic,10,ff,0,3.63,5.5,1.0,0.39516859096338963,2.173427250298643,363.0017148052887,0.0032562340759129484,9.185630010288869e-13,-0.01104653201613846,3.646517274104646,1.960697646183175,2.791195713620811,,,0.17745019928287753,0.09608484689317687,4,4,1000.1038342771383,254999.89616572118,-0.18809882737684802
ff_joint_d64,ff,buffer_joint,64,synthetic,10,ff,0,3.63,5.5,1.0,25.33770466796125,139.3573756737869,363.0017157204898,0.003256207922024819,9.185556231827589e-13,-0.01105233076044872,3.646530870245863,1.98104073615217,2.791195780918899,,,0.17745047586285173,0.09608290573760725,4,4,64000.10383039386,191999.89616554813,-0.002946048998797579
ff_joint_d255,ff,buffer_joint,255,synthetic,10,ff,0,3.63,5.5,1.0,100.95713268223327,555.264229752283,363.0017272117821,0.003255386928297333,9.183240260541237e-13,-0.01105194622747758,3.646531228167688,2.358169708331827,2.791195747035965,,,0.17745067101924278,0.09608381798531518,4,4,255000.10382994715,999.8961662888639,-0.0007514252834073254
ff_joint_d256,ff,buffer_joint,256,synthetic,10,ff,0,3.63,5.5,1.0,101.3538046045908,557.4459253252494,363.000014688877,4.2440948355108805e-05,1.1972322621386066e-14,3.629999973854452,3.629999986241715,2.79013139883503,2.790131399222362,,,,,0,0,,,0.0
tt_joint_d1_fine,tt,buffer_joint,1,synthetic,1,typical,27,3.3,5,1.0,0.3923553716944579,1.9617768584722897,330.00139320397625,0.0023576953979637856,7.316000265196716e-13,-0.01854150604239538,3.326254709643305,1.8936292476608259,2.801294424003304,,,0.25851792646684746,0.1342472471079284,4,4,1000.0596476392826,254999.94035227684,-0.25068284736899926
